manager,formation,xi_points,position,slot,player_code,player,points,seasons
Ryan Donlan,3-5-2,1988,GKP,1,200720,Caoimhín Kelleher,122,"2024-25, 2025-26, 2026-27"
Ryan Donlan,3-5-2,1988,DEF,1,97032,Virgil van Dijk,167,2025-26
Ryan Donlan,3-5-2,1988,DEF,2,169187,Trent Alexander-Arnold,127,2024-25
Ryan Donlan,3-5-2,1988,DEF,3,462424,William Saliba,117,2024-25
Ryan Donlan,3-5-2,1988,MID,1,430871,Matheus Santos Carneiro da Cunha,304,"2024-25, 2025-26"
Ryan Donlan,3-5-2,1988,MID,2,222531,Morgan Gibbs-White,203,"2025-26, 2026-27"
Ryan Donlan,3-5-2,1988,MID,3,446008,Bryan Mbeumo,166,2024-25
Ryan Donlan,3-5-2,1988,MID,4,114243,Jacob Murphy,117,2024-25
Ryan Donlan,3-5-2,1988,MID,5,513418,Kevin Schade,116,2025-26
Ryan Donlan,3-5-2,1988,FWD,1,223094,Erling Haaland,459,"2024-25, 2025-26, 2026-27"
Ryan Donlan,3-5-2,1988,FWD,2,470313,Nick Woltemade,90,2025-26
Justin Miller,3-5-2,1569,GKP,1,204936,Gianluigi Donnarumma,92,2025-26
Justin Miller,3-5-2,1569,DEF,1,17761,James Tarkowski,148,2025-26
Justin Miller,3-5-2,1569,DEF,2,97032,Virgil van Dijk,136,2024-25
Justin Miller,3-5-2,1569,DEF,3,171314,Rúben dos Santos Gato Alves Dias,115,"2024-25, 2025-26"
Justin Miller,3-5-2,1569,MID,1,178186,Jarrod Bowen,168,2024-25
Justin Miller,3-5-2,1569,MID,2,244850,Morgan Rogers,159,2024-25
Justin Miller,3-5-2,1569,MID,3,222531,Morgan Gibbs-White,148,2024-25
Justin Miller,3-5-2,1569,MID,4,440993,Iliman Ndiaye,125,2025-26
Justin Miller,3-5-2,1569,MID,5,118748,Mohamed Salah,122,2024-25
Justin Miller,3-5-2,1569,FWD,1,178301,Ollie Watkins,253,"2024-25, 2025-26"
Justin Miller,3-5-2,1569,FWD,2,463034,Liam Delap,103,2024-25
Ryan Houseman,3-4-3,1873,GKP,1,154561,David Raya Martín,124,2025-26
Ryan Houseman,3-4-3,1873,DEF,1,226597,Gabriel dos Santos Magalhães,234,"2025-26, 2026-27"
Ryan Houseman,3-4-3,1873,DEF,2,227444,Nikola Milenković,123,2024-25
Ryan Houseman,3-4-3,1873,DEF,3,106611,Michael Keane,90,2025-26
Ryan Houseman,3-4-3,1873,MID,1,232413,Eberechi Eze,251,"2024-25, 2025-26, 2026-27"
Ryan Houseman,3-4-3,1873,MID,2,424876,Dominik Szoboszlai,180,"2025-26, 2026-27"
Ryan Houseman,3-4-3,1873,MID,3,204480,Declan Rice,161,2025-26
Ryan Houseman,3-4-3,1873,MID,4,215379,Elliot Anderson,124,2025-26
Ryan Houseman,3-4-3,1873,FWD,1,231747,Jean-Philippe Mateta,263,"2024-25, 2025-26, 2026-27"
Ryan Houseman,3-4-3,1873,FWD,2,60689,Chris Wood,200,2024-25
Ryan Houseman,3-4-3,1873,FWD,3,50175,Danny Welbeck,123,2025-26
Luke Lockwood,4-5-1,1390,GKP,1,215059,Robert Lynch Sánchez,107,2025-26
Luke Lockwood,4-5-1,1390,DEF,1,209036,Marc Guéhi,199,"2025-26, 2026-27"
Luke Lockwood,4-5-1,1390,DEF,2,465351,Matheus Nunes,120,2025-26
Luke Lockwood,4-5-1,1390,DEF,3,225796,Reece James,89,2025-26
Luke Lockwood,4-5-1,1390,DEF,4,204716,Ibrahima Konaté,77,"2024-25, 2025-26"
Luke Lockwood,4-5-1,1390,MID,1,153133,Alex Iwobi,137,2024-25
Luke Lockwood,4-5-1,1390,MID,2,116216,Leandro Trossard,131,"2024-25, 2025-26"
Luke Lockwood,4-5-1,1390,MID,3,247632,Pedro Lomba Neto,112,2025-26
Luke Lockwood,4-5-1,1390,MID,4,451340,Mitoma Kaoru,93,"2024-25, 2025-26"
Luke Lockwood,4-5-1,1390,MID,5,215413,Kiernan Dewsbury-Hall,89,"2025-26, 2026-27"
Luke Lockwood,4-5-1,1390,FWD,1,102057,Raúl Jiménez Rodríguez,236,"2024-25, 2025-26"
Drake Byrd,4-4-2,1863,GKP,1,98980,Emiliano Martínez Romero,97,2024-25
Drake Byrd,4-4-2,1863,DEF,1,247348,Daniel Muñoz Mejía,269,"2024-25, 2025-26, 2026-27"
Drake Byrd,4-4-2,1863,DEF,2,462424,William Saliba,137,2025-26
Drake Byrd,4-4-2,1863,DEF,3,244723,Tyrick Mitchell,120,2024-25
Drake Byrd,4-4-2,1863,DEF,4,427623,Chris Richards,117,2025-26
Drake Byrd,4-4-2,1863,MID,1,141746,Bruno Borges Fernandes,428,"2024-25, 2025-26, 2026-27"
Drake Byrd,4-4-2,1863,MID,2,208706,Bruno Guimarães Rodriguez Moura,132,2025-26
Drake Byrd,4-4-2,1863,MID,3,244731,Luis Díaz,124,2024-25
Drake Byrd,4-4-2,1863,MID,4,201658,Marcus Tavernier,119,2025-26
Drake Byrd,4-4-2,1863,FWD,1,247412,Jørgen Strand Larsen,188,"2024-25, 2025-26"
Drake Byrd,4-4-2,1863,FWD,2,444102,Francisco Evanilson de Lima Barbosa,132,"2025-26, 2026-27"
Levi Morant,3-5-2,1279,GKP,1,498016,Robin Roefs,70,2025-26
Levi Morant,3-5-2,1279,DEF,1,472769,Nico O'Reilly,74,2025-26
Levi Morant,3-5-2,1279,DEF,2,466075,Riccardo Calafiori,71,2025-26
Levi Morant,3-5-2,1279,DEF,3,199798,Ezri Konsa Ngoyo,59,"2024-25, 2025-26"
Levi Morant,3-5-2,1279,MID,1,223340,Bukayo Saka,304,"2024-25, 2025-26, 2026-27"
Levi Morant,3-5-2,1279,MID,2,244851,Cole Palmer,270,"2024-25, 2025-26, 2026-27"
Levi Morant,3-5-2,1279,MID,3,446008,Bryan Mbeumo,97,"2024-25, 2025-26"
Levi Morant,3-5-2,1279,MID,4,118748,Mohamed Salah,97,2025-26
Levi Morant,3-5-2,1279,MID,5,244731,Luis Díaz,59,2024-25
Levi Morant,3-5-2,1279,FWD,1,178301,Ollie Watkins,100,2025-26
Levi Morant,3-5-2,1279,FWD,2,486385,Norberto Bercique Gomes Betuncal,78,"2024-25, 2025-26"
Julius Long,4-3-3,1658,GKP,1,111234,Jordan Pickford,233,"2024-25, 2025-26"
Julius Long,4-3-3,1658,DEF,1,432830,Nathan Collins,167,"2024-25, 2025-26"
Julius Long,4-3-3,1658,DEF,2,437499,Maxence Lacroix,142,2025-26
Julius Long,4-3-3,1658,DEF,3,179268,Marc Cucurella Saseta,140,"2024-25, 2025-26"
Julius Long,4-3-3,1658,DEF,4,209036,Marc Guéhi,109,2024-25
Julius Long,4-3-3,1658,MID,1,118748,Mohamed Salah,222,2024-25
Julius Long,4-3-3,1658,MID,2,448047,Enzo Fernández,143,2025-26
Julius Long,4-3-3,1658,MID,3,444145,Gabriel Martinelli Silva,89,2024-25
Julius Long,4-3-3,1658,FWD,1,216646,Yoane Wissa,184,2024-25
Julius Long,4-3-3,1658,FWD,2,224117,Viktor Gyökeres,129,"2025-26, 2026-27"
Julius Long,4-3-3,1658,FWD,3,485711,Benjamin Sesko,100,2025-26
Dylan Reid,3-4-3,1462,GKP,1,98747,Nick Pope,145,"2024-25, 2025-26"
Dylan Reid,3-4-3,1462,DEF,1,78916,Dan Burn,100,2024-25
Dylan Reid,3-4-3,1462,DEF,2,441164,Pedro Porro,82,2024-25
Dylan Reid,3-4-3,1462,DEF,3,201895,Omar Alderete,63,2025-26
Dylan Reid,3-4-3,1462,MID,1,437730,Antoine Semenyo,200,2025-26
Dylan Reid,3-4-3,1462,MID,2,232826,Anthony Gordon,121,2024-25
Dylan Reid,3-4-3,1462,MID,3,493250,Amad Diallo,90,2025-26
Dylan Reid,3-4-3,1462,MID,4,424876,Dominik Szoboszlai,79,2024-25
Dylan Reid,3-4-3,1462,FWD,1,475168,João Pedro Junqueira de Jesus,210,"2025-26, 2026-27"
Dylan Reid,3-4-3,1462,FWD,2,178186,Jarrod Bowen,187,2025-26
Dylan Reid,3-4-3,1462,FWD,3,502500,Igor Thiago Nascimento Rodrigues,185,"2025-26, 2026-27"
Ethan Ellsworth,3-5-2,1446,GKP,1,116535,Alisson Becker,89,2025-26
Ethan Ellsworth,3-5-2,1446,DEF,1,477424,Joško Gvardiol,145,2024-25
Ethan Ellsworth,3-5-2,1446,DEF,2,445122,Jurriën Timber,110,2025-26
Ethan Ellsworth,3-5-2,1446,DEF,3,179268,Marc Cucurella Saseta,99,2025-26
Ethan Ellsworth,3-5-2,1446,MID,1,232185,Ismaïla Sarr,200,"2024-25, 2025-26, 2026-27"
Ethan Ellsworth,3-5-2,1446,MID,2,466052,Rayan Cherki,150,"2025-26, 2026-27"
Ethan Ellsworth,3-5-2,1446,MID,3,243298,Cody Gakpo,126,2025-26
Ethan Ellsworth,3-5-2,1446,MID,4,445044,Dejan Kulusevski,116,2024-25
Ethan Ellsworth,3-5-2,1446,MID,5,184029,Martin Ødegaard,116,2024-25
Ethan Ellsworth,3-5-2,1446,FWD,1,219168,Alexander Isak,200,2024-25
Ethan Ellsworth,3-5-2,1446,FWD,2,444102,Francisco Evanilson de Lima Barbosa,95,2024-25
Alexander Chaban,3-4-3,1402,GKP,1,172649,Dean Henderson,106,2025-26
Alexander Chaban,3-4-3,1402,DEF,1,491279,Micky van de Ven,136,"2024-25, 2025-26"
Alexander Chaban,3-4-3,1402,DEF,2,180736,Trevoh Chalobah,114,2025-26
Alexander Chaban,3-4-3,1402,DEF,3,441164,Pedro Porro Sauceda,88,"2025-26, 2026-27"
Alexander Chaban,3-4-3,1402,MID,1,244850,Morgan Rogers,198,"2025-26, 2026-27"
Alexander Chaban,3-4-3,1402,MID,2,437730,Antoine Semenyo,165,2024-25
Alexander Chaban,3-4-3,1402,MID,3,209244,Phil Foden,106,2025-26
Alexander Chaban,3-4-3,1402,MID,4,201666,Harvey Barnes,104,2025-26
Alexander Chaban,3-4-3,1402,FWD,1,154566,Dominic Solanke-Mitchell,140,"2024-25, 2025-26"
Alexander Chaban,3-4-3,1402,FWD,2,510663,Hugo Ekitiké,125,2025-26
Alexander Chaban,3-4-3,1402,FWD,3,243298,Cody Gakpo,120,2024-25
