fpl_position,player,full_name,pl_team,roster_owner,position_rank,overall_rank,season_points,points_per_game
FWD,Haaland,Erling Haaland,Man City,Ryan Donlan,1,1,239,6.8
MID,B.Fernandes,Bruno Fernandes,Man Utd,Drake Byrd,1,2,235,6.7
DEF,Gabriel,Gabriel,Arsenal,Ryan Houseman,1,3,209,6.5
MID,Semenyo,Antoine Semenyo,Man City,Dylan Reid,2,4,202,5.5
MID,Gibbs-White,Morgan Gibbs-White,Nott'm Forest,Ryan Donlan,3,5,188,5.1
FWD,Bowen,Jarrod Bowen,West Ham,Dylan Reid,2,6,187,4.9
MID,Rice,Declan Rice,Arsenal,Ryan Houseman,4,7,184,5.1
FWD,Thiago,Thiago,Brentford,Dylan Reid,3,8,181,4.8
MID,Anderson,Elliot Anderson,Nott'm Forest,Ryan Houseman,5,9,180,4.7
DEF,Guéhi,Marc Guéhi,Man City,Luke Lockwood,2,10,179,5.1
FWD,João Pedro,João Pedro,Chelsea,Dylan Reid,4,11,177,5.1
DEF,Senesi,Marcos Senesi,Bournemouth,Dylan Reid,3,12,175,4.7
DEF,Virgil,Virgil,Liverpool,Ryan Donlan,3,12,175,4.6
DEF,Tarkowski,James Tarkowski,Everton,Justin Miller,5,14,170,4.6
MID,Rogers,Morgan Rogers,Aston Villa,Alexander Chaban,6,15,169,4.6
MID,Wilson,Harry Wilson,Fulham,Justin Miller,7,16,168,4.7
FWD,Watkins,Ollie Watkins,Aston Villa,Justin Miller,5,17,167,4.5
MID,Casemiro,Carlos Casemiro,Man Utd,Drake Byrd,8,18,165,4.9
DEF,Truffert,Adrien Truffert,Bournemouth,Julius Long,6,18,165,4.3
GKP,Raya,David Raya,Arsenal,Ryan Houseman,1,20,162,4.4
DEF,O'Reilly,Nico O'Reilly,Man City,Justin Miller,7,21,160,4.7
MID,Szoboszlai,Dominik Szoboszlai,Liverpool,Ryan Houseman,9,21,160,4.4
MID,Garner,James Garner,Everton,Unowned,10,23,159,4.2
MID,Saka,Bukayo Saka,Arsenal,Levi Morant,11,24,157,5.1
MID,Enzo,Enzo,Chelsea,Julius Long,11,24,157,4.4
MID,Bruno G.,Bruno Moura,Newcastle,Drake Byrd,13,26,154,5.3
DEF,Matheus N.,Matheus Nunes,Man City,Luke Lockwood,8,26,154,4.5
DEF,Lacroix,Maxence Lacroix,Crystal Palace,Julius Long,8,26,154,4.4
MID,Dewsbury-Hall,Kiernan Dewsbury-Hall,Everton,Luke Lockwood,14,29,151,4.9
DEF,Mukiele,Nordi Mukiele,Sunderland,Ryan Houseman,10,29,151,4.7
DEF,J.Timber,Jurriën Timber,Arsenal,Unowned,11,31,149,5.0
MID,Mbeumo,Bryan Mbeumo,Man Utd,Luke Lockwood,15,32,148,4.5
DEF,Van Hecke,Jan Van Hecke,Brighton,Drake Byrd,12,32,148,4.1
MID,E.Le Fée,Enzo Le Fée,Sunderland,Dylan Reid,16,34,147,4.1
MID,Gravenberch,Ryan Gravenberch,Liverpool,Drake Byrd,17,35,144,4.0
MID,Cunha,Matheus Cunha,Man Utd,Ryan Donlan,18,36,143,4.3
GKP,Kelleher,Caoimhín Kelleher,Brentford,Ryan Donlan,2,36,143,3.9
FWD,Calvert-Lewin,Dominic Calvert-Lewin,Leeds,Ryan Donlan,6,38,142,4.1
MID,Stach,Anton Stach,Leeds,Ryan Houseman,19,39,137,4.7
DEF,Saliba,William Saliba,Arsenal,Drake Byrd,13,39,137,4.4
MID,Tavernier,Marcus Tavernier,Bournemouth,Drake Byrd,19,39,137,4.0
DEF,Muñoz,Daniel Muñoz,Crystal Palace,Drake Byrd,14,42,136,4.7
MID,O.Dango,Dango Dango,Brentford,Justin Miller,21,42,136,4.2
DEF,Chalobah,Trevoh Chalobah,Chelsea,Dylan Reid,14,42,136,4.0
GKP,Roefs,Robin Roefs,Sunderland,Unowned,3,42,136,3.9
MID,Scott,Alex Scott,Bournemouth,Levi Morant,21,42,136,3.7
MID,Cherki,Rayan Cherki,Man City,Ethan Ellsworth,23,47,135,4.1
GKP,Donnarumma,Gianluigi Donnarumma,Man City,Justin Miller,4,47,135,4.0
MID,M.Fernandes,Mateus Fernandes,West Ham,Alexander Chaban,23,47,135,3.8
DEF,Mitchell,Tyrick Mitchell,Crystal Palace,Unowned,16,47,135,3.6
GKP,Pickford,Jordan Pickford,Everton,Julius Long,4,47,135,3.6
MID,Ampadu,Ethan Ampadu,Leeds,Unowned,25,52,134,3.8
MID,Zubimendi,Martín Zubimendi,Arsenal,Unowned,26,53,133,3.5
MID,Foden,Phil Foden,Man City,Julius Long,27,54,131,4.0
DEF,Keane,Michael Keane,Everton,Ryan Houseman,17,54,131,4.0
MID,Gakpo,Cody Gakpo,Liverpool,Ethan Ellsworth,27,54,131,3.6
GKP,Henderson,Dean Henderson,Crystal Palace,Alexander Chaban,6,54,131,3.5
GKP,Verbruggen,Bart Verbruggen,Brighton,Justin Miller,7,58,130,3.4
DEF,Collins,Nathan Collins,Brentford,Julius Long,18,59,129,3.7
DEF,Konaté,Ibrahima Konaté,Liverpool,Luke Lockwood,18,59,129,3.6
MID,Ndiaye,Iliman Ndiaye,Everton,Justin Miller,29,61,128,4.0
DEF,Richards,Chris Richards,Crystal Palace,Drake Byrd,20,61,128,3.9
FWD,Gyökeres,Viktor Gyökeres,Arsenal,Julius Long,7,61,128,3.6
DEF,N.Williams,Neco Williams,Nott'm Forest,Ethan Ellsworth,20,61,128,3.5
MID,Anthony,Jaidon Anthony,Burnley,Alexander Chaban,30,65,127,3.4
MID,J.Palhinha,João Palhinha,Spurs,Unowned,31,66,126,3.8
DEF,Thiaw,Malick Thiaw,Newcastle,Luke Lockwood,22,66,126,3.6
MID,Aaronson,Brenden Aaronson,Leeds,Ethan Ellsworth,31,66,126,3.4
FWD,Welbeck,Danny Welbeck,Brighton,Ryan Houseman,8,66,126,3.4
FWD,Ekitiké,Hugo Ekitiké,Liverpool,Luke Lockwood,9,70,125,4.5
DEF,Alderete,Omar Alderete,Sunderland,Dylan Reid,23,70,125,3.8
MID,Wirtz,Florian Wirtz,Liverpool,Justin Miller,33,70,125,3.8
MID,Neto,Pedro Neto,Chelsea,Unowned,33,70,125,3.7
MID,Schade,Kevin Schade,Brentford,Ryan Donlan,33,70,125,3.6
MID,Xhaka,Granit Xhaka,Sunderland,Unowned,36,75,124,3.6
GKP,Petrović,Đorđe Petrović,Bournemouth,Drake Byrd,8,75,124,3.3
MID,M.Salah,Mohamed Salah,Liverpool,Luke Lockwood,37,77,123,4.6
DEF,Andersen,Joachim Andersen,Fulham,Unowned,24,77,123,3.7
DEF,Mavropanos,Konstantinos Mavropanos,West Ham,Justin Miller,25,79,122,3.9
GKP,Leno,Bernd Leno,Fulham,Alexander Chaban,9,79,122,3.2
MID,Doku,Jérémy Doku,Man City,Alexander Chaban,38,81,120,4.0
GKP,Martinez,Emiliano Martinez,Aston Villa,Ryan Houseman,10,81,120,3.8
MID,Trossard,Leandro Trossard,Arsenal,Julius Long,39,83,119,3.8
FWD,Richarlison,Richarlison,Spurs,Drake Byrd,10,83,119,3.7
DEF,Milenković,Nikola Milenković,Nott'm Forest,Unowned,26,83,119,3.1
DEF,F.Kadıoğlu,Ferdi Kadıoğlu,Brighton,Unowned,27,86,118,3.2
MID,Sarr,Ismaïla Sarr,Crystal Palace,Ethan Ellsworth,40,87,117,4.2
MID,Minteh,Yankuba Minteh,Brighton,Unowned,40,87,117,3.4
DEF,Pedro Porro,Pedro Sauceda,Spurs,Levi Morant,28,87,117,3.4
DEF,Cash,Matty Cash,Aston Villa,Alexander Chaban,28,87,117,3.3
DEF,Ballard,Daniel Ballard,Sunderland,Ryan Houseman,30,91,116,4.0
DEF,Van de Ven,Micky Van de Ven,Spurs,Alexander Chaban,30,91,116,3.3
DEF,O'Brien,Jake O'Brien,Everton,Alexander Chaban,30,91,116,3.1
DEF,James,Reece James,Chelsea,Alexander Chaban,33,94,115,4.0
FWD,Evanilson,Evanilson,Bournemouth,Drake Byrd,11,94,115,3.2
DEF,Lewis-Potter,Keane Lewis-Potter,Brentford,Unowned,33,94,115,3.2
MID,Palmer,Cole Palmer,Chelsea,Levi Morant,42,97,114,4.4
FWD,Mateta,Jean-Philippe Mateta,Crystal Palace,Ryan Houseman,12,97,114,3.6
FWD,Igor Jesus,Igor Jesus,Nott'm Forest,Luke Lockwood,12,97,114,3.1
DEF,Rúben,Rúben,Man City,Ryan Houseman,35,100,113,4.3
DEF,Van den Berg,Sepp Van den Berg,Brentford,Julius Long,35,100,113,3.5
MID,Damsgaard,Mikkel Damsgaard,Brentford,Ethan Ellsworth,43,100,113,3.4
MID,Eze,Eberechi Eze,Arsenal,Ryan Houseman,43,100,113,3.4
FWD,Kroupi.Jr,Junior Kroupi.Jr,Bournemouth,Ethan Ellsworth,14,100,113,3.4
GKP,Sánchez,Robert Sánchez,Chelsea,Luke Lockwood,11,100,113,3.2
DEF,Kayode,Michael Kayode,Brentford,Alexander Chaban,35,100,113,3.1
DEF,Shaw,Luke Shaw,Man Utd,Drake Byrd,35,100,113,3.0
MID,Wharton,Adam Wharton,Crystal Palace,Unowned,45,108,112,3.3
FWD,Raúl,Raúl,Fulham,Luke Lockwood,15,108,112,3.1
FWD,Šeško,Benjamin Šeško,Man Utd,Julius Long,16,110,111,3.7
DEF,Dalot,Diogo Dalot,Man Utd,Ethan Ellsworth,39,110,111,3.3
DEF,Hill,James Hill,Bournemouth,Ryan Donlan,40,112,110,3.8
MID,Summerville,Crysencio Summerville,West Ham,Luke Lockwood,46,112,110,3.5
MID,Caicedo,Moisés Caicedo,Chelsea,Unowned,46,112,110,3.3
DEF,Hume,Trai Hume,Sunderland,Unowned,40,112,110,2.9
DEF,Calafiori,Riccardo Calafiori,Arsenal,Luke Lockwood,42,116,109,4.2
MID,Okafor,Noah Okafor,Leeds,Unowned,48,116,109,3.9
GKP,Lammens,Senne Lammens,Man Utd,Unowned,12,116,109,3.4
DEF,Rodon,Joe Rodon,Leeds,Unowned,42,116,109,3.1
FWD,Woltemade,Nick Woltemade,Newcastle,Julius Long,17,120,108,3.3
DEF,Struijk,Pascal Struijk,Leeds,Unowned,44,120,108,3.2
MID,Mac Allister,Alexis Mac Allister,Liverpool,Unowned,49,120,108,2.9
MID,J.Gomes,João Gomes,Wolves,Unowned,50,123,107,3.1
MID,Barnes,Harvey Barnes,Newcastle,Alexander Chaban,51,124,106,2.9
GKP,Sels,Matz Sels,Nott'm Forest,Drake Byrd,13,125,105,3.4
DEF,Diouf,El Diouf,West Ham,Ethan Ellsworth,45,126,104,3.2
DEF,Cucurella,Marc Cucurella,Chelsea,Julius Long,45,126,104,3.1
FWD,Beto,Norberto Beto,Everton,Alexander Chaban,18,126,104,2.8
MID,Yarmoliuk,Yehor Yarmoliuk,Brentford,Unowned,52,126,104,2.8
MID,Iwobi,Alex Iwobi,Fulham,Unowned,53,130,103,3.6
DEF,Bassey,Calvin Bassey,Fulham,Ryan Donlan,47,130,103,3.4
MID,McGinn,John McGinn,Aston Villa,Unowned,53,130,103,3.4
MID,Souček,Tomáš Souček,West Ham,Levi Morant,53,130,103,2.9
MID,Buendía,Emiliano Buendía,Aston Villa,Unowned,56,134,102,2.8
MID,Bernardo,Bernardo,Man City,Julius Long,56,134,102,2.7
MID,Gordon,Anthony Gordon,Newcastle,Ryan Donlan,58,136,101,3.9
DEF,Dunk,Lewis Dunk,Brighton,Unowned,48,137,100,3.0
DEF,Konsa,Ezri Konsa,Aston Villa,Unowned,48,137,100,2.9
DEF,Bijol,Jaka Bijol,Leeds,Unowned,50,139,99,4.0
FWD,Flemming,Zian Flemming,Burnley,Levi Morant,19,139,99,3.4
MID,Ayari,Yasin Ayari,Brighton,Unowned,59,141,98,3.4
MID,Jensen,Mathias Jensen,Brentford,Unowned,59,141,98,2.7
DEF,Digne,Lucas Digne,Aston Villa,Unowned,51,143,97,3.1
MID,Gomez,Diego Gomez,Brighton,Unowned,61,143,97,3.0
MID,Ugochukwu,Lesley Ugochukwu,Burnley,Unowned,61,143,97,2.8
GKP,Pope,Nick Pope,Newcastle,Dylan Reid,14,146,96,3.6
DEF,Bogle,Jayden Bogle,Leeds,Unowned,52,146,96,2.8
DEF,Gusto,Malo Gusto,Chelsea,Unowned,52,146,96,2.8
MID,André,André,Wolves,Unowned,63,146,96,2.7
GKP,Dúbravka,Martin Dúbravka,Burnley,Levi Morant,14,146,96,2.7
DEF,Dorgu,Patrick Dorgu,Man Utd,Unowned,54,151,95,3.7
MID,Sessegnon,Ryan Sessegnon,Fulham,Unowned,64,151,95,3.5
DEF,Mykolenko,Vitalii Mykolenko,Everton,Unowned,54,151,95,2.9
FWD,Barry,Thierno Barry,Everton,Alexander Chaban,20,151,95,2.5
MID,Wieffer,Mats Wieffer,Brighton,Unowned,65,155,94,3.6
DEF,Justin,James Justin,Leeds,Unowned,56,155,94,3.2
DEF,Burn,Dan Burn,Newcastle,Levi Morant,57,157,93,3.2
MID,Reijnders,Tijjani Reijnders,Man City,Unowned,66,158,92,3.3
DEF,S.Bueno,Santiago Bueno,Wolves,Levi Morant,58,158,92,3.2
FWD,Brobbey,Brian Brobbey,Sunderland,Alexander Chaban,21,158,92,3.0
DEF,Romero,Cristian Romero,Spurs,Unowned,59,161,91,4.0
GKP,A.Becker,Alisson Becker,Liverpool,Luke Lockwood,16,161,91,3.5
MID,Hinshelwood,Jack Hinshelwood,Brighton,Unowned,67,161,91,3.4
MID,Amad,Amad,Man Utd,Dylan Reid,67,161,91,2.8
MID,Berge,Sander Berge,Fulham,Unowned,67,161,91,2.6
DEF,Maguire,Harry Maguire,Man Utd,Ethan Ellsworth,60,166,90,3.9
GKP,Vicario,Guglielmo Vicario,Spurs,Unowned,17,166,90,2.9
DEF,Botman,Sven Botman,Newcastle,Levi Morant,61,168,89,3.6
MID,Sangaré,Ibrahim Sangaré,Nott'm Forest,Unowned,70,168,89,3.2
MID,Hudson-Odoi,Callum Hudson-Odoi,Nott'm Forest,Unowned,71,170,88,2.9
DEF,Hincapie,Piero Hincapie,Arsenal,Levi Morant,62,171,87,3.5
MID,Georginio,Georginio,Brighton,Unowned,72,171,87,2.7
MID,Bentancur,Rodrigo Bentancur,Spurs,Unowned,73,173,86,3.3
DEF,Estève,Maxime Estève,Burnley,Unowned,63,174,85,2.5
DEF,Kerkez,Milos Kerkez,Liverpool,Unowned,63,174,85,2.5
DEF,De Cuyper,Maxim De Cuyper,Brighton,Ryan Donlan,65,176,84,2.8
MID,Florentino,Florentino,Burnley,Unowned,74,176,84,2.7
MID,Gana,Gana,Everton,Unowned,75,178,83,3.3
DEF,Murillo,Murillo,Nott'm Forest,Unowned,66,178,83,3.3
MID,Talbi,Chemsdine Talbi,Sunderland,Unowned,75,178,83,3.0
DEF,H.Bueno,Hugo Bueno,Wolves,Unowned,66,178,83,2.4
MID,Hutchinson,Omari Hutchinson,Nott'm Forest,Unowned,77,182,82,2.6
MID,J.Murphy,Jacob Murphy,Newcastle,Dylan Reid,77,182,82,2.5
DEF,Tete,Kenny Tete,Fulham,Unowned,68,184,81,3.7
MID,C.Jones,Curtis Jones,Liverpool,Unowned,79,184,81,2.4
MID,Tonali,Sandro Tonali,Newcastle,Unowned,79,184,81,2.3
MID,Xavi,Xavi,Spurs,Unowned,81,187,80,2.9
FWD,Wilson,Callum Wilson,West Ham,Unowned,22,187,80,2.5
MID,Sadiki,Noah Sadiki,Sunderland,Unowned,81,187,80,2.4
MID,Smith Rowe,Emile Smith Rowe,Fulham,Unowned,81,187,80,2.2
DEF,Gvardiol,Joško Gvardiol,Man City,Unowned,69,191,79,4.4
MID,Grealish,Jack Grealish,Everton,Unowned,84,191,79,4.0
DEF,Hall,Lewis Hall,Newcastle,Dylan Reid,69,191,79,2.6
MID,Groß,Pascal Groß,Brighton,Ryan Donlan,85,194,78,4.1
DEF,Spence,Djed Spence,Spurs,Unowned,71,194,78,2.6
MID,Tel,Mathys Tel,Spurs,Levi Morant,85,194,78,2.5
MID,Adams,Tyler Adams,Bournemouth,Unowned,87,197,77,3.1
MID,Yeremy,Yéremy Yeremy,Crystal Palace,Unowned,87,197,77,2.3
GKP,Hermansen,Mads Hermansen,West Ham,Julius Long,18,199,76,4.2
FWD,Osula,William Osula,Newcastle,Ethan Ellsworth,23,199,76,3.2
MID,Onana,Amadou Onana,Aston Villa,Unowned,89,199,76,3.0
DEF,Ajer,Kristoffer Ajer,Brentford,Unowned,72,199,76,2.8
MID,Henderson,Jordan Henderson,Brentford,Unowned,89,199,76,2.4
MID,Kudus,Mohammed Kudus,Spurs,Unowned,91,204,75,3.9
FWD,Strand Larsen,Jørgen Strand Larsen,Crystal Palace,Drake Byrd,24,204,75,2.1
MID,Ødegaard,Martin Ødegaard,Arsenal,Julius Long,92,206,74,3.1
MID,Janelt,Vitaly Janelt,Brentford,Unowned,92,206,74,3.0
DEF,Reinildo,Reinildo,Sunderland,Unowned,73,206,74,3.0
FWD,Mané,Mateus Mané,Wolves,Levi Morant,25,206,74,2.7
DEF,A.Jimenez,Álex Jimenez,Bournemouth,Unowned,73,206,74,2.4
FWD,Isidor,Wilson Isidor,Sunderland,Unowned,25,206,74,2.3
MID,Joelinton,Joelinton,Newcastle,Unowned,94,212,73,2.7
MID,Mainoo,Kobbie Mainoo,Man Utd,Luke Lockwood,94,212,73,2.6
FWD,Nmecha,Lukas Nmecha,Leeds,Ryan Houseman,27,212,73,2.4
DEF,Canvot,Jaydee Canvot,Crystal Palace,Unowned,75,215,72,3.6
MID,L.Miley,Lewis Miley,Newcastle,Unowned,96,215,72,3.1
MID,Madueke,Noni Madueke,Arsenal,Unowned,96,215,72,2.8
GKP,Darlow,Karl Darlow,Leeds,Ryan Donlan,19,218,71,3.2
MID,P.M.Sarr,Pape M.Sarr,Spurs,Unowned,98,218,71,2.7
MID,Cullen,Josh Cullen,Burnley,Unowned,99,220,70,3.9
DEF,Walker,Kyle Walker,Burnley,Unowned,76,220,70,1.9
MID,L.Paquetá,Lucas Paquetá,West Ham,Unowned,100,222,69,3.8
MID,Rodrigo,Rodrigo,Man City,Unowned,100,222,69,3.3
MID,Lerma,Jefferson Lerma,Crystal Palace,Unowned,100,222,69,2.2
GKP,José Sá,José Sá,Wolves,Unowned,20,225,68,3.0
MID,Tielemans,Youri Tielemans,Aston Villa,Unowned,103,225,68,2.7
DEF,Krejčí,Ladislav Krejčí,Wolves,Unowned,77,225,68,2.4
MID,Iroegbunam,Tim Iroegbunam,Everton,Unowned,103,225,68,2.3
DEF,Gudmundsson,Gabriel Gudmundsson,Leeds,Unowned,77,225,68,2.1
MID,Rayan,Rayan,Bournemouth,Dylan Reid,105,230,67,4.5
DEF,Aina,Ola Aina,Nott'm Forest,Dylan Reid,79,230,67,3.7
DEF,Khusanov,Abdukodir Khusanov,Man City,Ethan Ellsworth,79,230,67,3.2
MID,Merino,Mikel Merino,Arsenal,Unowned,105,230,67,3.0
DEF,Wan-Bissaka,Aaron Wan-Bissaka,West Ham,Unowned,79,230,67,2.7
MID,Lukić,Saša Lukić,Fulham,Unowned,105,230,67,2.6
MID,Kamada,Daichi Kamada,Crystal Palace,Unowned,105,230,67,2.4
MID,Tanaka,Tanaka,Leeds,Unowned,105,230,67,2.4
MID,Adli,Amine Adli,Bournemouth,Unowned,105,230,67,2.2
FWD,Tolu,Tolu,Wolves,Unowned,28,239,66,2.0
MID,Diarra,Habib Diarra,Sunderland,Unowned,111,240,65,3.2
DEF,Robinson,Antonee Robinson,Fulham,Unowned,82,240,65,3.0
DEF,Fofana,Wesley Fofana,Chelsea,Unowned,82,240,65,2.6
MID,Johnson,Brennan Johnson,Crystal Palace,Unowned,111,240,65,1.9
DEF,Pau,Pau,Aston Villa,Unowned,84,244,64,3.0
DEF,Frimpong,Jeremie Frimpong,Liverpool,Unowned,85,245,63,3.0
DEF,Hartman,Quilindschy Hartman,Burnley,Unowned,85,245,63,3.0
DEF,Danso,Kevin Danso,Spurs,Unowned,85,245,63,2.6
MID,N.Gonzalez,Nico Gonzalez,Man City,Unowned,113,245,63,2.5
MID,King,Josh King,Fulham,Unowned,113,245,63,2.0
MID,Chukwueze,Samuel Chukwueze,Fulham,Unowned,115,250,62,2.7
MID,Mitoma,Mitoma,Brighton,Unowned,115,250,62,2.5
MID,J.Ramsey,Jacob Ramsey,Newcastle,Unowned,115,250,62,2.2
MID,Kamara,Boubacar Kamara,Aston Villa,Unowned,118,253,61,3.4
FWD,Taty,Valentín Taty,West Ham,Justin Miller,29,253,61,3.4
MID,Gray,Archie Gray,Spurs,Unowned,118,253,61,2.5
DEF,Mosquera,Yerson Mosquera,Wolves,Unowned,88,253,61,2.3
DEF,Castagne,Timothy Castagne,Fulham,Unowned,88,253,61,2.0
DEF,Aït-Nouri,Rayan Aït-Nouri,Man City,Unowned,90,258,60,3.5
DEF,Livramento,Tino Livramento,Newcastle,Unowned,91,259,59,3.5
MID,Hannibal,Hannibal,Burnley,Unowned,120,259,59,2.2
MID,Tchaouna,Loum Tchaouna,Burnley,Unowned,120,259,59,2.0
MID,Brooks,David Brooks,Bournemouth,Unowned,120,259,59,1.9
MID,Estêvão,Estêvão,Chelsea,Unowned,123,263,58,2.6
DEF,Smith,Adam Smith,Bournemouth,Justin Miller,92,263,58,2.6
MID,Mount,Mason Mount,Man Utd,Unowned,123,263,58,2.5
FWD,Foster,Lyle Foster,Burnley,Unowned,30,263,58,2.2
MID,Martinelli,Gabriel Martinelli,Arsenal,Unowned,125,267,57,1.9
MID,Barkley,Ross Barkley,Aston Villa,Unowned,126,268,56,2.7
MID,Marmoush,Omar Marmoush,Man City,Unowned,126,268,56,2.7
MID,Gruev,Ilia Gruev,Leeds,Unowned,126,268,56,2.4
MID,Longstaff,Sean Longstaff,Leeds,Unowned,126,268,56,2.4
MID,Garnacho,Alejandro Garnacho,Chelsea,Unowned,126,268,56,2.3
MID,Baleba,Carlos Baleba,Brighton,Unowned,126,268,56,1.8
DEF,Yoro,Leny Yoro,Man Utd,Unowned,93,268,56,1.8
MID,Laurent,Josh Laurent,Burnley,Unowned,126,268,56,1.7
MID,Malen,Donyell Malen,Aston Villa,Unowned,133,276,55,2.6
DEF,Robertson,Andrew Robertson,Liverpool,Unowned,94,276,55,2.3
DEF,Geertruida,Lutsharel Geertruida,Sunderland,Unowned,94,276,55,2.0
DEF,Trippier,Kieran Trippier,Newcastle,Unowned,96,279,54,2.6
MID,Hee Chan,Hwang Hee Chan,Wolves,Unowned,134,279,54,2.1
DEF,Maatsen,Ian Maatsen,Aston Villa,Unowned,96,279,54,1.8
DEF,Mazraoui,Noussair Mazraoui,Man Utd,Unowned,98,282,53,2.6
DEF,Morato,Felipe Morato,Nott'm Forest,Unowned,98,282,53,2.5
MID,McNeil,Dwight McNeil,Everton,Unowned,135,282,53,2.4
DEF,Walker-Peters,Kyle Walker-Peters,West Ham,Unowned,98,282,53,2.3
DEF,Ekdal,Hjalmar Ekdal,Burnley,Unowned,101,286,52,2.7
DEF,Henry,Rico Henry,Brentford,Unowned,101,286,52,2.1
FWD,Kolo Muani,Randal Kolo Muani,Spurs,Levi Morant,31,286,52,1.7
DEF,Tchatchoua,Jackson Tchatchoua,Wolves,Unowned,101,286,52,1.7
DEF,Schär,Fabian Schär,Newcastle,Unowned,104,290,51,3.2
DEF,Martinez,Lisandro Martinez,Man Utd,Unowned,104,290,51,2.8
GKP,Areola,Alphonse Areola,West Ham,Unowned,21,290,51,2.5
MID,Edwards,Marcus Edwards,Burnley,Unowned,136,290,51,2.2
DEF,Mings,Tyrone Mings,Aston Villa,Unowned,106,294,50,2.9
MID,Ndoye,Dan Ndoye,Nott'm Forest,Unowned,137,294,50,2.1
DEF,Disasi,Axel Disasi,West Ham,Unowned,107,296,49,3.5
MID,Bergvall,Lucas Bergvall,Spurs,Unowned,138,296,49,2.1
MID,Kevin,Kevin,Fulham,Unowned,138,296,49,1.9
DEF,R.Gomes,Rodrigo Gomes,Wolves,Unowned,108,299,48,2.2
MID,Dominguez,Nicolás Dominguez,Nott'm Forest,Unowned,140,299,48,1.8
MID,Elanga,Anthony Elanga,Newcastle,Unowned,140,299,48,1.5
DEF,Humphreys,Bashir Humphreys,Burnley,Unowned,109,302,47,2.4
MID,Christie,Ryan Christie,Bournemouth,Unowned,142,302,47,1.8
MID,Andrey Santos,Andrey Santos,Chelsea,Unowned,142,302,47,1.7
DEF,Diakité,Bafodé Diakité,Bournemouth,Unowned,110,305,46,2.6
DEF,Todibo,Jean-Clair Todibo,West Ham,Unowned,110,305,46,2.0
MID,Odobert,Wilson Odobert,Spurs,Unowned,144,305,46,1.9
DEF,Veltman,Joël Veltman,Brighton,Unowned,110,305,46,1.9
DEF,White,Benjamin White,Arsenal,Unowned,113,309,45,3.8
MID,J.Arias,Jhon Arias,Wolves,Unowned,145,309,45,2.0
FWD,Delap,Liam Delap,Chelsea,Unowned,32,309,45,1.6
MID,Hughes,Will Hughes,Crystal Palace,Unowned,145,309,45,1.5
MID,Gallagher,Conor Gallagher,Spurs,Unowned,147,313,44,2.8
MID,Guessand,Evann Guessand,Crystal Palace,Unowned,147,313,44,2.1
MID,Bellegarde,Jean-Ricner Bellegarde,Wolves,Unowned,147,313,44,1.7
DEF,De Ligt,Matthijs De Ligt,Man Utd,Unowned,114,316,43,3.3
GKP,Perri,Lucas Perri,Leeds,Unowned,22,316,43,2.7
FWD,Awoniyi,Taiwo Awoniyi,Nott'm Forest,Unowned,33,316,43,2.5
MID,Ngumoha,Rio Ngumoha,Liverpool,Unowned,150,316,43,2.3
FWD,Broja,Armando Broja,Burnley,Unowned,33,316,43,1.8
MID,Savinho,Sávio Savinho,Man City,Unowned,150,316,43,1.8
DEF,Bradley,Conor Bradley,Liverpool,Unowned,115,322,42,2.8
DEF,Heaven,Ayden Heaven,Man Utd,Unowned,115,322,42,2.5
MID,S.Magassa,Soungoutou Magassa,West Ham,Unowned,152,322,42,1.9
MID,Bobb,Oscar Bobb,Fulham,Unowned,152,322,42,1.8
FWD,Zirkzee,Joshua Zirkzee,Man Utd,Unowned,35,322,42,1.8
FWD,Isak,Alexander Isak,Liverpool,Justin Miller,36,327,41,2.9
FWD,Wood,Chris Wood,Nott'm Forest,Unowned,36,327,41,2.7
DEF,Toti,Toti,Wolves,Unowned,117,327,41,2.2
MID,Kluivert,Justin Kluivert,Bournemouth,Unowned,154,327,41,2.0
MID,Cairney,Tom Cairney,Fulham,Unowned,154,327,41,1.7
MID,Bruun Larsen,Jacob Bruun Larsen,Burnley,Unowned,154,327,41,1.5
FWD,Solanke,Dominic Solanke,Spurs,Ryan Donlan,38,333,40,2.7
MID,Cook,Lewis Cook,Bournemouth,Unowned,157,333,40,2.2
MID,Ward-Prowse,James Ward-Prowse,Burnley,Unowned,157,333,40,2.2
FWD,Mayenda,Eliezer Mayenda,Sunderland,Unowned,38,333,40,2.0
DEF,Mosquera,Cristhian Mosquera,Arsenal,Ryan Donlan,118,333,40,2.0
DEF,Bogarde,Lamare Bogarde,Aston Villa,Unowned,118,333,40,1.4
DEF,Boscagli,Olivier Boscagli,Brighton,Unowned,120,339,39,3.2
FWD,Armstrong,Adam Armstrong,Wolves,Unowned,40,339,39,2.8
DEF,Savona,Nicolò Savona,Nott'm Forest,Unowned,120,339,39,2.8
DEF,J.Cuenca,Jorge Cuenca,Fulham,Unowned,120,339,39,2.6
DEF,Acheampong,Josh Acheampong,Chelsea,Unowned,120,339,39,2.3
MID,Munetsi,Marshall Munetsi,Wolves,Unowned,159,344,38,2.9
MID,Ugarte,Manuel Ugarte,Man Utd,Unowned,159,344,38,1.7
MID,Willock,Joe Willock,Newcastle,Unowned,159,344,38,1.6
DEF,Hickey,Aaron Hickey,Brentford,Unowned,124,347,37,1.8
MID,Potts,Freddie Potts,West Ham,Unowned,162,347,37,1.7
MID,Sancho,Jadon Sancho,Aston Villa,Unowned,162,347,37,1.6
MID,Chiesa,Federico Chiesa,Liverpool,Unowned,162,347,37,1.4
FWD,Havertz,Kai Havertz,Arsenal,Unowned,41,351,36,3.0
MID,Röhl,Merlin Röhl,Everton,Unowned,165,351,36,2.2
DEF,Aké,Nathan Aké,Man City,Unowned,125,351,36,2.0
MID,Rigg,Chris Rigg,Sunderland,Unowned,165,351,36,2.0
MID,Devenny,Justin Devenny,Crystal Palace,Unowned,165,351,36,1.7
DEF,Kilman,Maximilian Kilman,West Ham,Unowned,125,351,36,1.7
FWD,Muniz,Rodrigo Muniz,Fulham,Unowned,41,351,36,1.7
MID,Gruda,Brajan Gruda,Brighton,Unowned,168,358,35,1.9
MID,Milner,James Milner,Brighton,Unowned,168,358,35,1.8
MID,Douglas Luiz,Douglas Luiz,Aston Villa,Unowned,168,358,35,1.7
FWD,Kostoulas,Charalampos Kostoulas,Brighton,Unowned,43,358,35,1.7
DEF,Møller Wolfe,David Møller Wolfe,Wolves,Unowned,127,358,35,1.6
GKP,Mamardashvili,Giorgi Mamardashvili,Liverpool,Ethan Ellsworth,23,363,34,3.4
MID,Adingra,Simon Adingra,Sunderland,Unowned,171,363,34,2.4
DEF,Tuanzebe,Axel Tuanzebe,Burnley,Unowned,128,363,34,2.4
DEF,Tosin,Tosin,Chelsea,Unowned,128,363,34,2.1
DEF,Gomez,Joe Gomez,Liverpool,Unowned,130,367,33,1.6
DEF,Branthwaite,Jarrad Branthwaite,Everton,Unowned,131,368,32,3.2
MID,Gnonto,Wilfried Gnonto,Leeds,Unowned,172,368,32,1.4
DEF,Diop,Issa Diop,Fulham,Unowned,132,370,31,2.4
MID,Traoré,Bertrand Traoré,Sunderland,Unowned,173,371,30,2.5
MID,Yates,Ryan Yates,Nott'm Forest,Unowned,173,371,30,1.4
DEF,Lindelöf,Victor Lindelöf,Aston Villa,Unowned,133,373,29,1.7
MID,Alcaraz,Carlos Alcaraz,Everton,Unowned,175,373,29,1.4
DEF,Lewis-Skelly,Myles Lewis-Skelly,Arsenal,Justin Miller,133,373,29,1.4
DEF,Udogie,Destiny Udogie,Spurs,Unowned,133,373,29,1.4
FWD,Wissa,Yoane Wissa,Newcastle,Unowned,44,377,27,1.4
FWD,Enes Ünal,Enes Ünal,Bournemouth,Unowned,44,377,27,1.2
DEF,O'Nien,Luke O'Nien,Sunderland,Unowned,136,379,26,2.2
MID,Bakwa,Dilane Bakwa,Nott'm Forest,Unowned,176,379,26,1.9
FWD,Pablo,Pablo,West Ham,Ethan Ellsworth,46,379,26,1.9
DEF,Bornauw,Sebastiaan Bornauw,Leeds,Unowned,137,382,25,2.1
GKP,Ramsdale,Aaron Ramsdale,Newcastle,Dylan Reid,24,382,25,2.1
MID,Gittens,Jamie Gittens,Chelsea,Unowned,177,382,25,1.6
DEF,Lucas Pires,Lucas Silva,Burnley,Unowned,137,382,25,1.2
MID,Adama,Adama,West Ham,Unowned,177,382,25,1.0
FWD,G.Jesus,Gabriel Jesus,Arsenal,Unowned,47,387,24,1.7
FWD,Abraham,Tammy Abraham,Aston Villa,Unowned,48,388,23,1.9
FWD,Nketiah,Eddie Nketiah,Crystal Palace,Unowned,48,388,23,1.9
DEF,Agbadou,Emmanuel Agbadou,Wolves,Unowned,139,388,23,1.6
MID,James,Daniel James,Leeds,Unowned,179,388,23,1.2
DEF,Patterson,Nathan Patterson,Everton,Unowned,140,392,22,3.1
GKP,Johnstone,Sam Johnstone,Wolves,Unowned,25,393,21,1.8
MID,Armstrong,Harrison Armstrong,Everton,Unowned,180,393,21,1.6
MID,Bailey,Leon Bailey,Aston Villa,Unowned,180,393,21,1.6
DEF,Scarles,Ollie Scarles,West Ham,Unowned,141,393,21,1.6
GKP,Kinsky,Antonín Kinsky,Spurs,Ethan Ellsworth,26,397,20,2.9
DEF,Chadi Riad,Chadi Dnanou,Crystal Palace,Unowned,142,397,20,2.2
DEF,Worrall,Joe Worrall,Burnley,Unowned,142,397,20,1.8
DEF,Milosavljević,Veljko Milosavljević,Bournemouth,Unowned,144,400,19,2.7
DEF,Lewis,Rico Lewis,Man City,Unowned,144,400,19,1.7
DEF,Hato,Jorrel Hato,Chelsea,Unowned,144,400,19,0.9
MID,Dibling,Tyler Dibling,Everton,Unowned,182,403,18,1.3
DEF,Clyne,Nathaniel Clyne,Crystal Palace,Unowned,147,404,17,1.7
DEF,Dragusin,Radu Dragusin,Spurs,Unowned,147,404,17,1.7
MID,Bissouma,Yves Bissouma,Spurs,Unowned,183,404,17,1.5
MID,McAtee,James McAtee,Nott'm Forest,Unowned,183,404,17,1.2
FWD,Uche,Christantus Uche,Crystal Palace,Unowned,50,404,17,1.2
FWD,Piroe,Joël Piroe,Leeds,Unowned,50,404,17,1.1
GKP,Ellborg,Melker Ellborg,Sunderland,Unowned,27,410,16,5.3
MID,Dowman,Max Dowman,Arsenal,Justin Miller,185,410,16,2.7
MID,O'Riley,Matt O'Riley,Brighton,Unowned,185,410,16,2.7
GKP,M.Bizot,Marco Bizot,Aston Villa,Unowned,27,410,16,2.3
DEF,Stones,John Stones,Man City,Unowned,149,410,16,1.8
FWD,Tzimas,Stefanos Tzimas,Brighton,Unowned,52,410,16,1.8
MID,Angel,Angel,Wolves,Unowned,185,410,16,1.3
MID,George,Tyrique George,Everton,Unowned,185,410,16,1.1
MID,Reed,Harrison Reed,Fulham,Unowned,189,418,15,2.1
DEF,Pinnock,Ethan Pinnock,Brentford,Unowned,150,419,14,3.5
DEF,Cirkin,Dennis Cirkin,Sunderland,Unowned,150,419,14,1.8
DEF,Doherty,Matt Doherty,Wolves,Unowned,150,419,14,1.3
MID,Mundle,Romaine Mundle,Sunderland,Unowned,190,419,14,1.0
GKP,Trafford,James Trafford,Man City,Unowned,29,423,13,3.2
MID,Carvalho,Fábio Carvalho,Brentford,Unowned,191,423,13,2.2
DEF,Sonne,Oliver Sonne,Burnley,Unowned,153,423,13,1.9
MID,Angulo,Nilson Angulo,Sunderland,Unowned,191,423,13,1.6
DEF,Jair Cunha,Jair Filho,Nott'm Forest,Unowned,153,423,13,1.4
FWD,Marc Guiu,Marc Paz,Chelsea,Unowned,53,423,13,1.3
MID,Nelson,Reiss Nelson,Brentford,Unowned,191,423,13,1.3
MID,Lavia,Roméo Lavia,Chelsea,Unowned,191,423,13,1.1
MID,Onyeka,Frank Onyeka,Brentford,Unowned,195,431,12,2.0
MID,Endo,Endo,Liverpool,Unowned,195,431,12,1.5
FWD,Füllkrug,Niclas Füllkrug,West Ham,Unowned,54,431,12,1.5
MID,Fer López,Fer González,Wolves,Unowned,195,431,12,1.3
MID,Harrison,Jack Harrison,Leeds,Unowned,195,431,12,1.1
GKP,Ortega Moreno,Stefan Ortega Moreno,Nott'm Forest,Unowned,30,436,11,3.7
GKP,John,John,Nott'm Forest,Unowned,30,436,11,2.2
GKP,Bayindir,Altay Bayindir,Man Utd,Unowned,30,436,11,1.8
DEF,Netz,Luca Netz,Nott'm Forest,Unowned,155,436,11,1.6
MID,Gannon-Doak,Ben Gannon-Doak,Bournemouth,Unowned,199,436,11,1.4
DEF,Davies,Ben Davies,Spurs,Unowned,156,441,10,3.3
DEF,Coppola,Diego Coppola,Brighton,Unowned,156,441,10,2.0
DEF,Hoever,Ki-Jana Hoever,Wolves,Unowned,156,441,10,1.2
DEF,Pedro Lima,Pedro Lima,Wolves,Unowned,156,441,10,1.1
FWD,Lucca,Lorenzo Lucca,Nott'm Forest,Unowned,55,445,9,2.2
GKP,Jörgensen,Filip Jörgensen,Chelsea,Unowned,33,445,9,1.8
MID,Kovačić,Mateo Kovačić,Man City,Unowned,200,445,9,1.5
MID,Irving,Andy Irving,West Ham,Unowned,200,445,9,1.3
FWD,Kalimuendo,Arnaud Kalimuendo,Nott'm Forest,Unowned,55,445,9,1.0
MID,Mohamadou Kanté,Mohamadou Kanté,West Ham,Unowned,200,445,9,0.8
DEF,Colwill,Levi Colwill,Chelsea,Unowned,160,451,8,2.7
MID,Edozie,Tom Edozie,Wolves,Unowned,203,451,8,2.7
MID,G.Rodriguez,Guido Rodriguez,West Ham,Unowned,203,451,8,1.3
MID,Nwaneri,Ethan Nwaneri,Arsenal,Unowned,203,451,8,1.3
MID,Tóth.A,Alex Tóth.A,Bournemouth,Unowned,203,451,8,0.9
GKP,Benitez,Walter Benitez,Crystal Palace,Unowned,34,456,7,7.0
GKP,Weiss,Max Weiss,Burnley,Levi Morant,34,456,7,2.3
DEF,Zinchenko,Oleksandr Zinchenko,Nott'm Forest,Unowned,161,456,7,1.4
MID,Nørgaard,Christian Nørgaard,Arsenal,Unowned,207,456,7,1.0
DEF,B.Badiashile,Benoît Badiashile,Chelsea,Unowned,161,456,7,0.9
GKP,Bentley,Daniel Bentley,Wolves,Unowned,36,461,6,2.0
GKP,Woodman,Freddie Woodman,Liverpool,Unowned,36,461,6,2.0
DEF,Igor,Igor,Brighton,Unowned,163,461,6,1.5
DEF,Mayers,Ezra Mayers,West Ham,Unowned,163,461,6,1.0
MID,Nyoni,Trey Nyoni,Liverpool,Unowned,208,461,6,1.0
MID,Trésor,Mike Trésor,Burnley,Unowned,208,461,6,1.0
FWD,Kusi-Asare,Jonah Kusi-Asare,Fulham,Unowned,57,461,6,0.9
DEF,Sosa,Borna Sosa,Crystal Palace,Unowned,163,461,6,0.9
DEF,Alleyne,Max Alleyne,Man City,Unowned,166,469,5,2.5
DEF,Coleman,Séamus Coleman,Everton,Unowned,166,469,5,1.0
MID,Elliott,Harvey Elliott,Aston Villa,Unowned,210,469,5,1.0
MID,L.Guilherme,Luis Guilherme,West Ham,Unowned,210,469,5,1.0
FWD,Barnes,Ashley Barnes,Burnley,Unowned,58,469,5,0.9
DEF,A.García,Andrés García,Aston Villa,Unowned,166,469,5,0.8
MID,Watson,Tom Watson,Brighton,Unowned,210,469,5,0.8
MID,H.Traorè,Hamed Traorè,Bournemouth,Unowned,213,476,4,4.0
MID,Howell,Harry Howell,Brighton,Unowned,213,476,4,1.3
FWD,Amdouni,Zeki Amdouni,Burnley,Unowned,59,476,4,1.0
MID,Donovan,Romelle Donovan,Brentford,Unowned,213,476,4,1.0
MID,Esse,Romain Esse,Crystal Palace,Unowned,213,476,4,1.0
MID,March,Solly March,Brighton,Unowned,213,476,4,1.0
DEF,N.Aguerd,Nayef Aguerd,West Ham,Unowned,169,482,3,1.5
DEF,Abbott,Zach Abbott,Nott'm Forest,Unowned,169,482,3,1.0
MID,Alysson,Alysson,Aston Villa,Unowned,218,482,3,1.0
MID,J.Fletcher,Jack Fletcher,Man Utd,Unowned,218,482,3,1.0
MID,Lacey,Shea Lacey,Man Utd,Unowned,218,482,3,1.0
DEF,M.Sarr,Mamadou Sarr,Chelsea,Unowned,169,482,3,1.0
MID,Maddison,James Maddison,Spurs,Unowned,218,482,3,1.0
DEF,Malacia,Tyrell Malacia,Man Utd,Unowned,169,482,3,1.0
MID,Neil,Dan Neil,Sunderland,Unowned,218,482,3,1.0
DEF,Soler,Julio Soler,Bournemouth,Unowned,169,482,3,1.0
MID,Buonanotte,Facundo Buonanotte,Leeds,Unowned,218,482,3,0.8
DEF,Souza,João Souza,Spurs,Unowned,169,482,3,0.8
GKP,Arrizabalaga,Kepa Arrizabalaga,Arsenal,Unowned,38,494,2,2.0
MID,Cardines,Rio Cardines,Crystal Palace,Unowned,224,494,2,2.0
DEF,A.Murphy,Alex Murphy,Newcastle,Unowned,175,494,2,1.0
DEF,Byram,Sam Byram,Leeds,Unowned,175,494,2,1.0
MID,Chirewa,Tawanda Chirewa,Wolves,Unowned,224,494,2,1.0
MID,Dasilva,Josh Dasilva,Brentford,Unowned,224,494,2,1.0
MID,Drakes-Thomas,Joél Drakes-Thomas,Crystal Palace,Unowned,224,494,2,1.0
MID,Fletcher,Tyler Fletcher,Man Utd,Unowned,224,494,2,1.0
MID,George Hemmings,George Hemmings,Aston Villa,Unowned,224,494,2,1.0
FWD,Marshall,Callum Marshall,West Ham,Unowned,60,494,2,1.0
MID,Mukasa,Divine Mukasa,Man City,Unowned,224,494,2,1.0
FWD,Scarlett,Dane Scarlett,Spurs,Unowned,60,494,2,1.0
DEF,Seelt,Jenson Seelt,Sunderland,Unowned,175,494,2,1.0
MID,Abbey,Jerome Abbey,Wolves,Unowned,231,507,1,1.0
MID,Banel,Jaydon Banel,Burnley,Unowned,231,507,1,1.0
MID,Bendito Mantato,Bendito Mantato,Man Utd,Unowned,231,507,1,1.0
MID,Burrowes,Bradley Burrowes,Aston Villa,Unowned,231,507,1,1.0
DEF,Byfield,Jun'ai Byfield,Spurs,Unowned,178,507,1,1.0
MID,Derry,Jesse Derry,Chelsea,Unowned,231,507,1,1.0
MID,Earthy,George Earthy,West Ham,Unowned,231,507,1,1.0
DEF,Fredricson,Tyler Fredricson,Man Utd,Unowned,178,507,1,1.0
FWD,Furo,Kaye Furo,Brentford,Unowned,62,507,1,1.0
GKP,Gunn,Angus Gunn,Nott'm Forest,Unowned,39,507,1,1.0
MID,Jimoh-Aloba,Jamaldeen Jimoh-Aloba,Aston Villa,Unowned,231,507,1,1.0
MID,Jocelin.T,Djiamgone Jocelin.T,Sunderland,Unowned,231,507,1,1.0
MID,Jota,João Jota,Nott'm Forest,Unowned,231,507,1,1.0
FWD,Kalajdžić,Saša Kalajdžić,Wolves,Unowned,62,507,1,1.0
MID,Knight,Joe Knight,Brighton,Unowned,231,507,1,1.0
FWD,Mheuka,Shumaira Mheuka,Chelsea,Unowned,62,507,1,1.0
MID,Milambo,Antoni Milambo,Brentford,Unowned,231,507,1,1.0
FWD,Neave,Sean Neave,Newcastle,Unowned,62,507,1,1.0
MID,Olusesi,Callum Olusesi,Spurs,Unowned,231,507,1,1.0
MID,Oriola,Nehemiah Oriola,Brighton,Unowned,231,507,1,1.0
MID,Peart-Harris,Myles Peart-Harris,Brentford,Unowned,231,507,1,1.0
MID,Roberts,Patrick Roberts,Sunderland,Unowned,231,507,1,1.0
MID,Rodney,Kaden Rodney,Crystal Palace,Unowned,231,507,1,1.0
DEF,Rowswell,James Rowswell,Spurs,Unowned,178,507,1,1.0
GKP,Valdimarsson,Hákon Valdimarsson,Brentford,Unowned,39,507,1,1.0
MID,Winterburn,Ben Winterburn,Bournemouth,Unowned,231,507,1,1.0
FWD,Édouard,Odsonne Édouard,Crystal Palace,Unowned,62,507,1,1.0
DEF,Lascelles,Jamaal Lascelles,Newcastle,Unowned,178,507,1,0.5
MID,D.Essugo,Dário Essugo,Chelsea,Unowned,231,507,1,0.3
DEF,Masuaku,Arthur Masuaku,Sunderland,Unowned,178,507,1,0.3
MID,A.Ramsey,Aaron Ramsey,Burnley,Unowned,249,537,0,0.0
FWD,Abdullahi,Ahmed Abdullahi,Sunderland,Unowned,67,537,0,0.0
MID,Adewumi,Oluwaseun Adewumi,Burnley,Unowned,249,537,0,0.0
FWD,Adu-Adjei,Daniel Adu-Adjei,Bournemouth,Unowned,67,537,0,0.0
MID,Agbinone,Asher Agbinone,Crystal Palace,Unowned,249,537,0,0.0
MID,Ahamada,Naouirou Ahamada,Crystal Palace,Unowned,249,537,0,0.0
DEF,Akanji,Manuel Akanji,Man City,Unowned,183,537,0,0.0
MID,Akhamrich,Yusuf Akhamrich,Spurs,Unowned,249,537,0,0.0
DEF,Akinmboni,Matai Akinmboni,Bournemouth,Unowned,183,537,0,0.0
MID,Alabi,Sam Alabi,Newcastle,Unowned,249,537,0,0.0
MID,Aleksić,Milan Aleksić,Sunderland,Unowned,249,537,0,0.0
DEF,Alese,Aji Alese,Sunderland,Unowned,183,537,0,0.0
DEF,Alex Moreno,Álex Alex Moreno,Aston Villa,Unowned,183,537,0,0.0
DEF,Amass,Harry Amass,Man Utd,Unowned,183,537,0,0.0
DEF,Amissah,Samuel Amissah,Fulham,Unowned,183,537,0,0.0
DEF,Anderson,Joe Anderson,Sunderland,Unowned,183,537,0,0.0
MID,Andreas,Andreas,Fulham,Unowned,249,537,0,0.0
DEF,Anselmino,Aarón Anselmino,Chelsea,Unowned,183,537,0,0.0
MID,Antony,Antony,Man Utd,Unowned,249,537,0,0.0
MID,Antoñito C.,Antoñito Campillo,Newcastle,Unowned,249,537,0,0.0
DEF,Arthur,Benjamin Arthur,Brentford,Unowned,183,537,0,0.0
DEF,Ashby,Harrison Ashby,Newcastle,Unowned,183,537,0,0.0
GKP,Austin,Brandon Austin,Spurs,Unowned,41,537,0,0.0
DEF,Aznou,Adam Aznou,Everton,Unowned,183,537,0,0.0
MID,B.Traore,Boubacar Traore,Wolves,Unowned,249,537,0,0.0
MID,Ba,Abdoullah Ba,Sunderland,Unowned,249,537,0,0.0
MID,Bajcetic,Stefan Bajcetic,Liverpool,Unowned,249,537,0,0.0
GKP,Balcombe,Ellery Balcombe,Brentford,Unowned,41,537,0,0.0
FWD,Bamford,Patrick Bamford,Leeds,Unowned,67,537,0,0.0
MID,Barrenechea,Enzo Barrenechea,Aston Villa,Unowned,249,537,0,0.0
MID,Bates,Callum Bates,Everton,Unowned,249,537,0,0.0
DEF,Benamar,Dean Benamar,Crystal Palace,Unowned,183,537,0,0.0
GKP,Benda,Steven Benda,Fulham,Unowned,41,537,0,0.0
MID,Benson,Manuel Benson,Burnley,Unowned,249,537,0,0.0
MID,Bentt,Luka Bentt,Brentford,Unowned,249,537,0,0.0
GKP,Bettinelli,Marcus Bettinelli,Man City,Unowned,41,537,0,0.0
DEF,Bevan,Owen Bevan,Bournemouth,Unowned,183,537,0,0.0
MID,Boateng,Enock Boateng,Burnley,Unowned,249,537,0,0.0
DEF,Boly,Willy Boly,Nott'm Forest,Unowned,183,537,0,0.0
MID,Brierley,George Brierley,Burnley,Unowned,249,537,0,0.0
MID,Broggio,Ben Broggio,Aston Villa,Unowned,249,537,0,0.0
GKP,Brooks,Alfie Brooks,Wolves,Unowned,41,537,0,0.0
MID,Browne,Alan Browne,Sunderland,Unowned,249,537,0,0.0
MID,Bryan,Bryan,Spurs,Unowned,249,537,0,0.0
GKP,C.Miguel,Carlos Miguel,Nott'm Forest,Unowned,41,537,0,0.0
GKP,Cairns,Alex Cairns,Leeds,Unowned,41,537,0,0.0
DEF,Campbell,Elijah Campbell,Everton,Unowned,183,537,0,0.0
DEF,Carroll,TJ Carroll,Aston Villa,Unowned,183,537,0,0.0
DEF,Casey,Kaelan Casey,West Ham,Unowned,183,537,0,0.0
FWD,Casey,Ben Casey,Crystal Palace,Unowned,67,537,0,0.0
DEF,Cashin,Eiran Cashin,Brighton,Unowned,183,537,0,0.0
MID,Chadwick,Rhys Chadwick,Leeds,Unowned,249,537,0,0.0
MID,Chambers,Sam Chambers,Leeds,Unowned,249,537,0,0.0
FWD,Chiwome,Leon Chiwome,Wolves,Unowned,67,537,0,0.0
MID,Churlinov,Darko Churlinov,Burnley,Unowned,249,537,0,0.0
DEF,Clarke,Brayden Clarke,Arsenal,Unowned,183,537,0,0.0
MID,Collyer,Toby Collyer,Man Utd,Unowned,249,537,0,0.0
MID,Cornet,Maxwel Cornet,West Ham,Unowned,249,537,0,0.0
GKP,Cox,Matthew Cox,Brentford,Unowned,41,537,0,0.0
MID,Cresswell,Alfie Cresswell,Leeds,Unowned,249,537,0,0.0
MID,Crew,Charlie Crew,Leeds,Unowned,249,537,0,0.0
DEF,Cuiabano,Luis Cuiabano,Nott'm Forest,Unowned,183,537,0,0.0
DEF,D.Leon,Diego Leon,Man Utd,Unowned,183,537,0,0.0
MID,Da Silva Moreira,Eric Da Silva Moreira,Nott'm Forest,Unowned,249,537,0,0.0
MID,DaCosta,Malcom DaCosta,Bournemouth,Unowned,249,537,0,0.0
FWD,Danns,Jayden Danns,Liverpool,Unowned,67,537,0,0.0
FWD,Darwin,Darwin,Liverpool,Unowned,67,537,0,0.0
DEF,David Carmo,David Carmo,Nott'm Forest,Unowned,183,537,0,0.0
DEF,Delcroix,Hannes Delcroix,Burnley,Unowned,183,537,0,0.0
MID,Dendoncker,Leander Dendoncker,Aston Villa,Unowned,249,537,0,0.0
GKP,Dennis,Will Dennis,Bournemouth,Unowned,41,537,0,0.0
DEF,Dixon,Roman Dixon,Everton,Unowned,183,537,0,0.0
MID,Dobbin,Lewis Dobbin,Aston Villa,Unowned,249,537,0,0.0
DEF,Dodgson,Owen Dodgson,Burnley,Unowned,183,537,0,0.0
MID,Doucouré,Cheick Doucouré,Crystal Palace,Unowned,249,537,0,0.0
MID,Ebere,Coby Ebere,Everton,Unowned,249,537,0,0.0
MID,Ebiowei,Malcolm Ebiowei,Crystal Palace,Unowned,249,537,0,0.0
MID,Eboué,Mathis Eboué,Chelsea,Unowned,249,537,0,0.0
MID,Echeverri,Claudio Echeverri,Man City,Unowned,249,537,0,0.0
GKP,Ederson M.,Ederson Moraes,Man City,Unowned,41,537,0,0.0
MID,Ekwah,Pierre Ekwah,Sunderland,Unowned,249,537,0,0.0
MID,Emenalo,Landon Emenalo,Chelsea,Unowned,249,537,0,0.0
DEF,Emerson,Emerson,West Ham,Unowned,183,537,0,0.0
MID,Enciso,Julio Enciso,Brighton,Unowned,249,537,0,0.0
DEF,Estupiñan,Pervis Estupiñan,Brighton,Unowned,183,537,0,0.0
GKP,Eyestone,Julian Eyestone,Brentford,Unowned,41,537,0,0.0
GKP,Fabianski,Lukasz Fabianski,West Ham,Unowned,41,537,0,0.0
MID,Faivre,Romain Faivre,Bournemouth,Unowned,249,537,0,0.0
FWD,Ferguson,Evan Ferguson,Brighton,Unowned,67,537,0,0.0
MID,Fitzgerald,Jayce Fitzgerald,Man Utd,Unowned,249,537,0,0.0
GKP,Foderingham,Wes Foderingham,West Ham,Unowned,41,537,0,0.0
GKP,Forster,Fraser Forster,Bournemouth,Unowned,41,537,0,0.0
FWD,Fraser,Nathan Fraser,Wolves,Unowned,67,537,0,0.0
DEF,Fredrick,Benjamin Fredrick,Brentford,Unowned,183,537,0,0.0
FWD,Fábio Silva,Fábio Silva,Wolves,Unowned,67,537,0,0.0
MID,Fábio Vieira,Fábio Vieira,Arsenal,Unowned,249,537,0,0.0
GKP,Gauci,Joe Gauci,Aston Villa,Unowned,41,537,0,0.0
MID,Gelhardt,Joe Gelhardt,Leeds,Unowned,249,537,0,0.0
GKP,Gillespie,Mark Gillespie,Newcastle,Unowned,41,537,0,0.0
MID,Godo,Martial Godo,Fulham,Unowned,249,537,0,0.0
DEF,Golambeckis,Airidas Golambeckis,West Ham,Unowned,183,537,0,0.0
MID,Gonzalez,Enso Gonzalez,Wolves,Unowned,249,537,0,0.0
GKP,Gracey,Josh Gracey,Wolves,Unowned,41,537,0,0.0
FWD,Graham,Braiden Graham,Everton,Unowned,67,537,0,0.0
FWD,Gray,Harry Gray,Leeds,Unowned,67,537,0,0.0
MID,Gray,Charlie Gray,Man City,Unowned,249,537,0,0.0
GKP,Green,Etienne Green,Burnley,Unowned,41,537,0,0.0
MID,Greenwood,Sam Greenwood,Leeds,Unowned,249,537,0,0.0
MID,Guedes,Gonçalo Guedes,Wolves,Unowned,249,537,0,0.0
MID,Gyabi,Darko Gyabi,Leeds,Unowned,249,537,0,0.0
MID,Gündoğan,İlkay Gündoğan,Man City,Unowned,249,537,0,0.0
MID,H.Jones,Harrison Jones,Sunderland,Unowned,249,537,0,0.0
MID,Harriman-Annous,Andre Harriman-Annous,Arsenal,Unowned,249,537,0,0.0
MID,Harris,Luke Harris,Fulham,Unowned,249,537,0,0.0
GKP,Harrison,Elyh Harrison,Man Utd,Unowned,41,537,0,0.0
MID,Hayden,Isaac Hayden,Newcastle,Unowned,249,537,0,0.0
MID,Heath,Isaac Heath,Everton,Unowned,249,537,0,0.0
GKP,Heaton,Tom Heaton,Man Utd,Unowned,41,537,0,0.0
GKP,Hegyi,Krisztián Hegyi,West Ham,Unowned,41,537,0,0.0
GKP,Hein,Karl Hein,Arsenal,Unowned,41,537,0,0.0
GKP,Herrick,Finlay Herrick,West Ham,Unowned,41,537,0,0.0
MID,Heskey,Reigan Heskey,Man City,Unowned,249,537,0,0.0
DEF,Hjelde,Leo Hjelde,Sunderland,Unowned,183,537,0,0.0
GKP,Hladký,Václav Hladký,Burnley,Unowned,41,537,0,0.0
MID,Hodge,Joe Hodge,Wolves,Unowned,249,537,0,0.0
DEF,Holding,Rob Holding,Crystal Palace,Unowned,183,537,0,0.0
GKP,Hollingshead,Ronnie Hollingshead,Aston Villa,Unowned,41,537,0,0.0
DEF,Huggins,Niall Huggins,Sunderland,Unowned,183,537,0,0.0
FWD,Højlund,Rasmus Højlund,Man Utd,Unowned,67,537,0,0.0
MID,Iling Jr,Samuel Iling Jr,Aston Villa,Unowned,249,537,0,0.0
DEF,Imray,Danny Imray,Crystal Palace,Unowned,183,537,0,0.0
DEF,J.Araujo,Julián Araujo,Bournemouth,Unowned,183,537,0,0.0
MID,J.Rak-Sakyi,Jesurun Rak-Sakyi,Crystal Palace,Unowned,249,537,0,0.0
DEF,Jenson Jones,Jenson Jones,Sunderland,Unowned,183,537,0,0.0
DEF,Ji-soo,Kim Ji-soo,Brentford,Unowned,183,537,0,0.0
DEF,Johnson,Zak Johnson,Sunderland,Unowned,183,537,0,0.0
MID,Jones,Jaydon Jones,Sunderland,Unowned,249,537,0,0.0
DEF,Jordan,Jordan,Burnley,Unowned,183,537,0,0.0
MID,Kabia,Ismeal Kabia,Arsenal,Unowned,249,537,0,0.0
DEF,Kacurri,Maldini Kacurri,Arsenal,Unowned,183,537,0,0.0
MID,Kavuma-McQueen,Ryan Kavuma-McQueen,Chelsea,Unowned,249,537,0,0.0
GKP,King,Tom King,Everton,Unowned,41,537,0,0.0
DEF,King,George King,Crystal Palace,Unowned,183,537,0,0.0
DEF,Kiwior,Jakub Kiwior,Arsenal,Unowned,183,537,0,0.0
MID,Koleosho,Luca Koleosho,Burnley,Unowned,249,537,0,0.0
MID,Konak,Yunus Konak,Brentford,Unowned,249,537,0,0.0
MID,Kone,Sékou Kone,Man Utd,Unowned,249,537,0,0.0
DEF,Kporha,Caleb Kporha,Crystal Palace,Unowned,183,537,0,0.0
DEF,Krafth,Emil Krafth,Newcastle,Unowned,183,537,0,0.0
DEF,Kukonki,Godwill Kukonki,Man Utd,Unowned,183,537,0,0.0
MID,Kulusevski,Dejan Kulusevski,Spurs,Unowned,249,537,0,0.0
MID,Kuol,Garang Kuol,Newcastle,Unowned,249,537,0,0.0
MID,Kyerematen,Rio Kyerematen,Spurs,Unowned,249,537,0,0.0
MID,Lamadrid,Keiber Lamadrid,West Ham,Unowned,249,537,0,0.0
DEF,Lamptey,Tariq Lamptey,Brighton,Unowned,183,537,0,0.0
FWD,Lankshear,Will Lankshear,Spurs,Unowned,67,537,0,0.0
GKP,Lecomte,Benjamin Lecomte,Fulham,Unowned,41,537,0,0.0
DEF,Leon Routh,Leon Routh,Aston Villa,Unowned,183,537,0,0.0
DEF,Leoni,Giovanni Leoni,Liverpool,Unowned,183,537,0,0.0
DEF,Lienou,Jayden Lienou,Leeds,Unowned,183,537,0,0.0
DEF,Lucky,Wellity Lucky,Liverpool,Unowned,183,537,0,0.0
MID,Luis Díaz,Luis Marulanda,Liverpool,Unowned,249,537,0,0.0
FWD,Luís Hemir,Luís Hemir,Sunderland,Unowned,67,537,0,0.0
MID,M.França,Matheus França,Crystal Palace,Unowned,249,537,0,0.0
MID,Maghoma,Paris Maghoma,Brentford,Unowned,249,537,0,0.0
GKP,Mandas,Christos Mandas,Bournemouth,Unowned,41,537,0,0.0
GKP,Marschall,Filip Marschall,Aston Villa,Unowned,41,537,0,0.0
FWD,Marsh,Zach Marsh,Crystal Palace,Unowned,67,537,0,0.0
FWD,Mateo Joseph,Mateo Fernández-Regatillo,Leeds,Unowned,67,537,0,0.0
MID,Matete,Jay Matete,Sunderland,Unowned,249,537,0,0.0
GKP,Matthews,Remi Matthews,Crystal Palace,Unowned,41,537,0,0.0
MID,Mazilu,Adrian Mazilu,Brighton,Unowned,249,537,0,0.0
MID,McAidoo,Ryan McAidoo,Man City,Unowned,249,537,0,0.0
MID,McConnell,James McConnell,Liverpool,Unowned,249,537,0,0.0
GKP,McGill,Tom McGill,Brighton,Unowned,41,537,0,0.0
GKP,McKenna,Callan McKenna,Bournemouth,Unowned,41,537,0,0.0
MID,McMahon-Brown,Kian McMahon-Brown,Burnley,Unowned,249,537,0,0.0
DEF,McManus,Conor McManus,Brentford,Unowned,183,537,0,0.0
GKP,McNally,Alfie McNally,Fulham,Unowned,41,537,0,0.0
GKP,Mee,Dermot Mee,Man Utd,Unowned,41,537,0,0.0
DEF,Meghoma,Jayden Meghoma,Brentford,Unowned,183,537,0,0.0
DEF,Mepham,Chris Mepham,Bournemouth,Unowned,183,537,0,0.0
GKP,Merrick,Max Merrick,Chelsea,Unowned,41,537,0,0.0
GKP,Meslier,Illan Meslier,Leeds,Unowned,41,537,0,0.0
MID,Metcalfe,Jenson Metcalfe,Everton,Unowned,249,537,0,0.0
DEF,Meupiyou,Bastien Meupiyou,Wolves,Unowned,183,537,0,0.0
DEF,Mfuni,Stephen Mfuni,Man City,Unowned,183,537,0,0.0
MID,Min-hyeok,Yang Min-hyeok,Spurs,Unowned,249,537,0,0.0
GKP,Moore,Simon Moore,Sunderland,Unowned,41,537,0,0.0
MID,Moore,Mikey Moore,Spurs,Unowned,249,537,0,0.0
MID,Moorhouse,Jack Moorhouse,Man Utd,Unowned,249,537,0,0.0
MID,Moran,Andrew Moran,Brighton,Unowned,249,537,0,0.0
FWD,Morgan,Iwan Morgan,Brentford,Unowned,67,537,0,0.0
MID,Morrison,Kieran Morrison,Liverpool,Unowned,249,537,0,0.0
MID,Morton,Tyler Morton,Liverpool,Unowned,249,537,0,0.0
MID,Mudryk,Mykhailo Mudryk,Chelsea,Unowned,249,537,0,0.0
FWD,N.Jackson,Nicolas Jackson,Chelsea,Unowned,67,537,0,0.0
DEF,Nallo,Amara Nallo,Liverpool,Unowned,183,537,0,0.0
DEF,Ndiaye,Talla Ndiaye,Liverpool,Unowned,183,537,0,0.0
GKP,Neto,Norberto Neto,Bournemouth,Unowned,41,537,0,0.0
DEF,Nichols,Josh Nichols,Arsenal,Unowned,183,537,0,0.0
MID,Nkunku,Christopher Nkunku,Chelsea,Unowned,249,537,0,0.0
GKP,Nna Noukeu,Blondy Nna Noukeu,Sunderland,Unowned,41,537,0,0.0
MID,Nunes,Gustavo Nunes,Brentford,Unowned,249,537,0,0.0
MID,Nypan,Sverre Nypan,Man City,Unowned,249,537,0,0.0
MID,O'Brien,Lewis O'Brien,Nott'm Forest,Unowned,249,537,0,0.0
DEF,O.Richards,Omar Richards,Nott'm Forest,Unowned,183,537,0,0.0
FWD,Obafemi,Michael Obafemi,Burnley,Unowned,67,537,0,0.0
FWD,Obi,Chido Obi,Man Utd,Unowned,67,537,0,0.0
GKP,Odysseas,Odysseas,Newcastle,Unowned,41,537,0,0.0
MID,Ojinnaka,Temple Ojinnaka,Wolves,Unowned,249,537,0,0.0
DEF,Olagunju,Saheed Olagunju,Wolves,Unowned,183,537,0,0.0
GKP,Onana,André Onana,Man Utd,Unowned,41,537,0,0.0
MID,Onyango,Tyler Onyango,Everton,Unowned,249,537,0,0.0
MID,Orford,Lewis Orford,West Ham,Unowned,249,537,0,0.0
MID,Owen,Riley Owen,Brentford,Unowned,249,537,0,0.0
MID,Ozoh,David Ozoh,Crystal Palace,Unowned,249,537,0,0.0
MID,Paez,Kendry Paez,Chelsea,Unowned,249,537,0,0.0
GKP,Patterson,Anthony Patterson,Sunderland,Unowned,41,537,0,0.0
DEF,Patterson,Travis Patterson,Aston Villa,Unowned,183,537,0,0.0
GKP,Paulsen,Alex Paulsen,Bournemouth,Unowned,41,537,0,0.0
DEF,Pembele,Timothée Pembele,Sunderland,Unowned,183,537,0,0.0
GKP,Penders,Mike Penders,Chelsea,Unowned,41,537,0,0.0
MID,Philip,Philip,Bournemouth,Unowned,249,537,0,0.0
MID,Phillips,Kalvin Phillips,Man City,Unowned,249,537,0,0.0
DEF,Phillips,Ashley Phillips,Spurs,Unowned,183,537,0,0.0
MID,Pimlott,Oliver Pimlott,Burnley,Unowned,249,537,0,0.0
DEF,Pivas,Miodrag Pivas,Newcastle,Unowned,183,537,0,0.0
DEF,Pond,Alfie Pond,Wolves,Unowned,183,537,0,0.0
MID,Poveda,Ian Poveda,Sunderland,Unowned,249,537,0,0.0
GKP,Proctor,Sam Proctor,Aston Villa,Unowned,41,537,0,0.0
GKP,Pécsi,Ármin Pécsi,Liverpool,Unowned,41,537,0,0.0
DEF,R.Williams,Rhys Williams,Liverpool,Unowned,183,537,0,0.0
MID,Ramazani,Largie Ramazani,Leeds,Unowned,249,537,0,0.0
DEF,Ramsay,Calvin Ramsay,Liverpool,Unowned,183,537,0,0.0
MID,Rashford,Marcus Rashford,Man Utd,Unowned,249,537,0,0.0
MID,Rawlings,Luke Rawlings,Wolves,Unowned,249,537,0,0.0
FWD,Redmond,Zépiqueno Redmond,Aston Villa,Unowned,67,537,0,0.0
MID,Rees-Dottin,Remy Rees-Dottin,Bournemouth,Unowned,249,537,0,0.0
MID,Ridgeon,Seth Ridgeon,Fulham,Unowned,249,537,0,0.0
DEF,Roberts,Connor Roberts,Burnley,Unowned,183,537,0,0.0
DEF,Roerslev,Mads Roerslev,Brentford,Unowned,183,537,0,0.0
DEF,Rowe,Triston Rowe,Aston Villa,Unowned,183,537,0,0.0
GKP,Ruddy,John Ruddy,Newcastle,Unowned,41,537,0,0.0
GKP,Rushworth,Carl Rushworth,Brighton,Unowned,41,537,0,0.0
FWD,Rusyn,Nazarii Rusyn,Sunderland,Unowned,67,537,0,0.0
MID,Sadi,Dominic Sadi,Bournemouth,Unowned,249,537,0,0.0
DEF,Salmon,Marli Salmon,Arsenal,Unowned,183,537,0,0.0
MID,Sambi,Albert Sambi,Arsenal,Unowned,249,537,0,0.0
DEF,Sambo,Shurandy Sambo,Burnley,Unowned,183,537,0,0.0
MID,Sarmiento,Jeremy Sarmiento,Brighton,Unowned,249,537,0,0.0
GKP,Scherpen,Kjell Scherpen,Brighton,Unowned,41,537,0,0.0
DEF,Schmidt,Isaac Schmidt,Leeds,Unowned,183,537,0,0.0
GKP,Setford,Tommy Setford,Arsenal,Unowned,41,537,0,0.0
MID,Seung soo,Seung-Soo Seung soo,Newcastle,Unowned,249,537,0,0.0
DEF,Shahar,Leo Shahar,Newcastle,Unowned,183,537,0,0.0
GKP,Sharman-Lowe,Teddy Sharman-Lowe,Chelsea,Unowned,41,537,0,0.0
FWD,Sherif,Martin Sherif,Everton,Unowned,67,537,0,0.0
DEF,Shield,Ollie Shield,Brentford,Unowned,183,537,0,0.0
MID,Silcott-Duberry,Zain Silcott-Duberry,Bournemouth,Unowned,249,537,0,0.0
FWD,Sillah,Lamin Sillah,Nott'm Forest,Unowned,67,537,0,0.0
MID,Sima,Abdallah Sima,Brighton,Unowned,249,537,0,0.0
DEF,Simmonds,Freddie Simmonds,Brighton,Unowned,183,537,0,0.0
MID,Sinclair,Jimmy Sinclair,Nott'm Forest,Unowned,249,537,0,0.0
MID,Sinisterra,Luis Sinisterra,Bournemouth,Unowned,249,537,0,0.0
DEF,Slater,Jacob Slater,Brighton,Unowned,183,537,0,0.0
GKP,Slonina,Gabriel Slonina,Chelsea,Unowned,41,537,0,0.0
MID,Solomon,Manor Solomon,Spurs,Unowned,249,537,0,0.0
MID,Son,Son,Spurs,Unowned,249,537,0,0.0
DEF,Sousa,Lino Sousa,Aston Villa,Unowned,183,537,0,0.0
MID,Stamenic,Marko Stamenic,Nott'm Forest,Unowned,249,537,0,0.0
GKP,Steele,Jason Steele,Brighton,Unowned,41,537,0,0.0
DEF,Stephenson,Joshua Stephenson,Brentford,Unowned,183,537,0,0.0
MID,Stevens,Charlie Stevens,Bournemouth,Unowned,249,537,0,0.0
MID,Sutherland,Ethan Sutherland,Wolves,Unowned,249,537,0,0.0
DEF,Takai,Takai,Spurs,Unowned,183,537,0,0.0
DEF,Targett,Matt Targett,Newcastle,Unowned,183,537,0,0.0
DEF,Tasker,Charlie Tasker,Brighton,Unowned,183,537,0,0.0
MID,Thwaites,Jim Thwaites,Man Utd,Unowned,249,537,0,0.0
GKP,Travers,Mark Travers,Everton,Unowned,41,537,0,0.0
MID,Trevitt,Ryan Trevitt,Brentford,Unowned,249,537,0,0.0
MID,Triantis,Nectarios Triantis,Sunderland,Unowned,249,537,0,0.0
DEF,Tsimikas,Konstantinos Tsimikas,Liverpool,Unowned,183,537,0,0.0
GKP,Turner,Matt Turner,Nott'm Forest,Unowned,41,537,0,0.0
MID,Tutierov,Tymur Tutierov,Sunderland,Unowned,249,537,0,0.0
GKP,Tyrer,Harry Tyrer,Everton,Unowned,41,537,0,0.0
MID,Umeh,Franco Umeh,Crystal Palace,Unowned,249,537,0,0.0
DEF,Vitor Reis,Vitor Reis,Man City,Unowned,183,537,0,0.0
DEF,Vuskovic,Luka Vuskovic,Spurs,Unowned,183,537,0,0.0
DEF,Webster,Adam Webster,Brighton,Unowned,183,537,0,0.0
DEF,Welch,Reece Welch,Everton,Unowned,183,537,0,0.0
FWD,Wheatley,Ethan Wheatley,Man Utd,Unowned,67,537,0,0.0
MID,White,Joe White,Newcastle,Unowned,249,537,0,0.0
MID,Whitehall,Archie Whitehall,Nott'm Forest,Unowned,249,537,0,0.0
MID,Whittaker,Jack Whittaker,Sunderland,Unowned,249,537,0,0.0
MID,Williams-Barnett,Lucá Williams-Barnett,Spurs,Unowned,249,537,0,0.0
FWD,Wilson,James Wilson,Spurs,Unowned,67,537,0,0.0
GKP,Wright,James Wright,Aston Villa,Unowned,41,537,0,0.0
FWD,Wright,Will Wright,Liverpool,Unowned,67,537,0,0.0
FWD,Y.Chermiti,Youssef Chermiti,Everton,Unowned,67,537,0,0.0
MID,Yalcouye,Malick Yalcouye,Brighton,Unowned,249,537,0,0.0
DEF,Yasin,Yasin,Aston Villa,Unowned,183,537,0,0.0
MID,Young,Kadan Young,Aston Villa,Unowned,249,537,0,0.0
DEF,Zabarnyi,Illia Zabarnyi,Bournemouth,Unowned,183,537,0,0.0
MID,Álvarez,Edson Álvarez,West Ham,Unowned,249,537,0,0.0
