season,manager,team,position,player,club,draft_order,source
2025-2026,Ryan Donlan,**Cunha Believe it?!,GKP,Caoimhín Kelleher,BRE,24,Official FPL Draft choices
2025-2026,Ryan Donlan,**Cunha Believe it?!,GKP,Guglielmo Vicario,TOT,144,Official FPL Draft choices
2025-2026,Ryan Donlan,**Cunha Believe it?!,DEF,Virgil van Dijk,LIV,37,Official FPL Draft choices
2025-2026,Ryan Donlan,**Cunha Believe it?!,DEF,Levi Samuels Colwill,CHE,44,Official FPL Draft choices
2025-2026,Ryan Donlan,**Cunha Believe it?!,DEF,Maximilian Kilman,WHU,57,Official FPL Draft choices
2025-2026,Ryan Donlan,**Cunha Believe it?!,DEF,Emmanuel Agbadou,WOL,64,Official FPL Draft choices
2025-2026,Ryan Donlan,**Cunha Believe it?!,DEF,Nikola Milenković,NFO,77,Official FPL Draft choices
2025-2026,Ryan Donlan,**Cunha Believe it?!,MID,Matheus Santos Carneiro da Cunha,MUN,17,Official FPL Draft choices
2025-2026,Ryan Donlan,**Cunha Believe it?!,MID,Anthony Gordon,NEW,84,Official FPL Draft choices
2025-2026,Ryan Donlan,**Cunha Believe it?!,MID,Morgan Gibbs-White,NFO,97,Official FPL Draft choices
2025-2026,Ryan Donlan,**Cunha Believe it?!,MID,Kevin Schade,BRE,104,Official FPL Draft choices
2025-2026,Ryan Donlan,**Cunha Believe it?!,MID,Donyell Malen,AVL,137,Official FPL Draft choices
2025-2026,Ryan Donlan,**Cunha Believe it?!,FWD,Erling Haaland,MCI,4,Official FPL Draft choices
2025-2026,Ryan Donlan,**Cunha Believe it?!,FWD,Joël Piroe,LEE,117,Official FPL Draft choices
2025-2026,Ryan Donlan,**Cunha Believe it?!,FWD,Rodrigo Muniz Carvalho,FUL,124,Official FPL Draft choices
2025-2026,Alexander Chaban,ChabosSpurs@Law,GKP,Dean Henderson,CRY,114,Official FPL Draft choices
2025-2026,Alexander Chaban,ChabosSpurs@Law,GKP,Đorđe Petrović,BOU,127,Official FPL Draft choices
2025-2026,Alexander Chaban,ChabosSpurs@Law,DEF,Ola Aina,NFO,74,Official FPL Draft choices
2025-2026,Alexander Chaban,ChabosSpurs@Law,DEF,Tino Livramento,NEW,87,Official FPL Draft choices
2025-2026,Alexander Chaban,ChabosSpurs@Law,DEF,Micky van de Ven,TOT,94,Official FPL Draft choices
2025-2026,Alexander Chaban,ChabosSpurs@Law,DEF,Pedro Porro Sauceda,TOT,107,Official FPL Draft choices
2025-2026,Alexander Chaban,ChabosSpurs@Law,DEF,Trevoh Chalobah,CHE,134,Official FPL Draft choices
2025-2026,Alexander Chaban,ChabosSpurs@Law,MID,Phil Foden,MCI,14,Official FPL Draft choices
2025-2026,Alexander Chaban,ChabosSpurs@Law,MID,Morgan Rogers,AVL,34,Official FPL Draft choices
2025-2026,Alexander Chaban,ChabosSpurs@Law,MID,Enzo Fernández,CHE,47,Official FPL Draft choices
2025-2026,Alexander Chaban,ChabosSpurs@Law,MID,Alexis Mac Allister,LIV,54,Official FPL Draft choices
2025-2026,Alexander Chaban,ChabosSpurs@Law,MID,Harvey Barnes,NEW,67,Official FPL Draft choices
2025-2026,Alexander Chaban,ChabosSpurs@Law,FWD,Hugo Ekitiké,LIV,7,Official FPL Draft choices
2025-2026,Alexander Chaban,ChabosSpurs@Law,FWD,Dominic Solanke-Mitchell,TOT,27,Official FPL Draft choices
2025-2026,Alexander Chaban,ChabosSpurs@Law,FWD,Marc Guiu Paz,CHE,147,Official FPL Draft choices
2025-2026,Levi Morant,*Saka It To Me Baby,GKP,James Trafford,MCI,45,Official FPL Draft choices
2025-2026,Levi Morant,*Saka It To Me Baby,GKP,Mark Gillespie,NEW,145,Official FPL Draft choices
2025-2026,Levi Morant,*Saka It To Me Baby,DEF,Benjamin White,ARS,56,Official FPL Draft choices
2025-2026,Levi Morant,*Saka It To Me Baby,DEF,Vitalii Mykolenko,EVE,65,Official FPL Draft choices
2025-2026,Levi Morant,*Saka It To Me Baby,DEF,Ezri Konsa Ngoyo,AVL,76,Official FPL Draft choices
2025-2026,Levi Morant,*Saka It To Me Baby,DEF,Jarrad Branthwaite,EVE,85,Official FPL Draft choices
2025-2026,Levi Morant,*Saka It To Me Baby,DEF,Conor Bradley,LIV,96,Official FPL Draft choices
2025-2026,Levi Morant,*Saka It To Me Baby,MID,Bukayo Saka,ARS,5,Official FPL Draft choices
2025-2026,Levi Morant,*Saka It To Me Baby,MID,Cole Palmer,CHE,16,Official FPL Draft choices
2025-2026,Levi Morant,*Saka It To Me Baby,MID,Florian Wirtz,LIV,25,Official FPL Draft choices
2025-2026,Levi Morant,*Saka It To Me Baby,MID,Gabriel Martinelli Silva,ARS,105,Official FPL Draft choices
2025-2026,Levi Morant,*Saka It To Me Baby,MID,Noni Madueke,ARS,116,Official FPL Draft choices
2025-2026,Levi Morant,*Saka It To Me Baby,FWD,Viktor Gyökeres,ARS,36,Official FPL Draft choices
2025-2026,Levi Morant,*Saka It To Me Baby,FWD,Norberto Bercique Gomes Betuncal,EVE,125,Official FPL Draft choices
2025-2026,Levi Morant,*Saka It To Me Baby,FWD,Jayden Danns,LIV,136,Official FPL Draft choices
2025-2026,Dylan Reid,Bowen Arrows,GKP,Nick Pope,NEW,139,Official FPL Draft choices
2025-2026,Dylan Reid,Bowen Arrows,GKP,Robert Lynch Sánchez,CHE,142,Official FPL Draft choices
2025-2026,Dylan Reid,Bowen Arrows,DEF,Jeremie Frimpong,LIV,39,Official FPL Draft choices
2025-2026,Dylan Reid,Bowen Arrows,DEF,Rayan Aït-Nouri,MCI,42,Official FPL Draft choices
2025-2026,Dylan Reid,Bowen Arrows,DEF,Antonee Robinson,FUL,59,Official FPL Draft choices
2025-2026,Dylan Reid,Bowen Arrows,DEF,Lewis Hall,NEW,62,Official FPL Draft choices
2025-2026,Dylan Reid,Bowen Arrows,DEF,Aaron Wan-Bissaka,WHU,79,Official FPL Draft choices
2025-2026,Dylan Reid,Bowen Arrows,MID,Antoine Semenyo,MCI,22,Official FPL Draft choices
2025-2026,Dylan Reid,Bowen Arrows,MID,Alex Iwobi,FUL,82,Official FPL Draft choices
2025-2026,Dylan Reid,Bowen Arrows,MID,Amad Diallo,MUN,99,Official FPL Draft choices
2025-2026,Dylan Reid,Bowen Arrows,MID,Rayan Cherki,MCI,102,Official FPL Draft choices
2025-2026,Dylan Reid,Bowen Arrows,MID,Anthony Elanga,NEW,119,Official FPL Draft choices
2025-2026,Dylan Reid,Bowen Arrows,FWD,Jarrod Bowen,WHU,2,Official FPL Draft choices
2025-2026,Dylan Reid,Bowen Arrows,FWD,João Pedro Junqueira de Jesus,CHE,19,Official FPL Draft choices
2025-2026,Dylan Reid,Bowen Arrows,FWD,Igor Thiago Nascimento Rodrigues,BRE,122,Official FPL Draft choices
2025-2026,Luke Lockwood,Into the WOODwork*,GKP,Bart Verbruggen,BHA,133,Official FPL Draft choices
2025-2026,Luke Lockwood,Into the WOODwork*,GKP,Stefan Ortega Moreno,NFO,148,Official FPL Draft choices
2025-2026,Luke Lockwood,Into the WOODwork*,DEF,Joško Gvardiol,MCI,68,Official FPL Draft choices
2025-2026,Luke Lockwood,Into the WOODwork*,DEF,Marc Guéhi,MCI,88,Official FPL Draft choices
2025-2026,Luke Lockwood,Into the WOODwork*,DEF,Neco Williams,NFO,93,Official FPL Draft choices
2025-2026,Luke Lockwood,Into the WOODwork*,DEF,Maxim De Cuyper,BHA,108,Official FPL Draft choices
2025-2026,Luke Lockwood,Into the WOODwork*,DEF,Matheus Nunes,MCI,113,Official FPL Draft choices
2025-2026,Luke Lockwood,Into the WOODwork*,MID,Pedro Lomba Neto,CHE,28,Official FPL Draft choices
2025-2026,Luke Lockwood,Into the WOODwork*,MID,Dejan Kulusevski,TOT,48,Official FPL Draft choices
2025-2026,Luke Lockwood,Into the WOODwork*,MID,Bernardo Mota Veiga de Carvalho e Silva,MCI,53,Official FPL Draft choices
2025-2026,Luke Lockwood,Into the WOODwork*,MID,Mitoma Kaoru,BHA,73,Official FPL Draft choices
2025-2026,Luke Lockwood,Into the WOODwork*,MID,Emile Smith Rowe,FUL,128,Official FPL Draft choices
2025-2026,Luke Lockwood,Into the WOODwork*,FWD,Chris Wood,NFO,8,Official FPL Draft choices
2025-2026,Luke Lockwood,Into the WOODwork*,FWD,Raúl Jiménez Rodríguez,FUL,13,Official FPL Draft choices
2025-2026,Luke Lockwood,Into the WOODwork*,FWD,Nicolas Jackson,CHE,33,Official FPL Draft choices
2025-2026,Drake Byrd,Grand-Larseny,GKP,Matz Sels,NFO,126,Official FPL Draft choices
2025-2026,Drake Byrd,Grand-Larseny,GKP,Norberto Murara Neto,BOU,135,Official FPL Draft choices
2025-2026,Drake Byrd,Grand-Larseny,DEF,Daniel Muñoz Mejía,CRY,86,Official FPL Draft choices
2025-2026,Drake Byrd,Grand-Larseny,DEF,William Saliba,ARS,95,Official FPL Draft choices
2025-2026,Drake Byrd,Grand-Larseny,DEF,Reece James,CHE,106,Official FPL Draft choices
2025-2026,Drake Byrd,Grand-Larseny,DEF,Chris Richards,CRY,115,Official FPL Draft choices
2025-2026,Drake Byrd,Grand-Larseny,DEF,Patrick Dorgu,MUN,146,Official FPL Draft choices
2025-2026,Drake Byrd,Grand-Larseny,MID,Bruno Borges Fernandes,MUN,6,Official FPL Draft choices
2025-2026,Drake Byrd,Grand-Larseny,MID,Mohammed Kudus,TOT,46,Official FPL Draft choices
2025-2026,Drake Byrd,Grand-Larseny,MID,Sávio Moreira de Oliveira,MCI,55,Official FPL Draft choices
2025-2026,Drake Byrd,Grand-Larseny,MID,Bruno Guimarães Rodriguez Moura,NEW,66,Official FPL Draft choices
2025-2026,Drake Byrd,Grand-Larseny,MID,Moisés Caicedo Corozo,CHE,75,Official FPL Draft choices
2025-2026,Drake Byrd,Grand-Larseny,FWD,Jørgen Strand Larsen,CRY,15,Official FPL Draft choices
2025-2026,Drake Byrd,Grand-Larseny,FWD,Rasmus Højlund,MUN,26,Official FPL Draft choices
2025-2026,Drake Byrd,Grand-Larseny,FWD,Francisco Evanilson de Lima Barbosa,BOU,35,Official FPL Draft choices
2025-2026,Justin Miller,Sue-nited FC*,GKP,Bernd Leno,FUL,109,Official FPL Draft choices
2025-2026,Justin Miller,Sue-nited FC*,GKP,Ederson Santana de Moraes,MCI,112,Official FPL Draft choices
2025-2026,Justin Miller,Sue-nited FC*,DEF,Ibrahima Konaté,LIV,49,Official FPL Draft choices
2025-2026,Justin Miller,Sue-nited FC*,DEF,Myles Lewis-Skelly,ARS,52,Official FPL Draft choices
2025-2026,Justin Miller,Sue-nited FC*,DEF,James Tarkowski,EVE,72,Official FPL Draft choices
2025-2026,Justin Miller,Sue-nited FC*,DEF,Andrew Robertson,LIV,132,Official FPL Draft choices
2025-2026,Justin Miller,Sue-nited FC*,DEF,Manuel Akanji,MCI,149,Official FPL Draft choices
2025-2026,Justin Miller,Sue-nited FC*,MID,Martin Ødegaard,ARS,29,Official FPL Draft choices
2025-2026,Justin Miller,Sue-nited FC*,MID,Brennan Johnson,CRY,32,Official FPL Draft choices
2025-2026,Justin Miller,Sue-nited FC*,MID,Mikkel Damsgaard,BRE,69,Official FPL Draft choices
2025-2026,Justin Miller,Sue-nited FC*,MID,Jacob Murphy,NEW,89,Official FPL Draft choices
2025-2026,Justin Miller,Sue-nited FC*,MID,Iliman Ndiaye,EVE,92,Official FPL Draft choices
2025-2026,Justin Miller,Sue-nited FC*,FWD,Ollie Watkins,AVL,9,Official FPL Draft choices
2025-2026,Justin Miller,Sue-nited FC*,FWD,Yoane Wissa,NEW,12,Official FPL Draft choices
2025-2026,Justin Miller,Sue-nited FC*,FWD,Ahmed Abdullahi,SUN,129,Official FPL Draft choices
2025-2026,Ethan Ellsworth,Santa’s reijnders,GKP,Alisson Becker,LIV,30,Official FPL Draft choices
2025-2026,Ethan Ellsworth,Santa’s reijnders,GKP,Giorgi Mamardashvili,LIV,150,Official FPL Draft choices
2025-2026,Ethan Ellsworth,Santa’s reijnders,DEF,Milos Kerkez,LIV,31,Official FPL Draft choices
2025-2026,Ethan Ellsworth,Santa’s reijnders,DEF,Marc Cucurella Saseta,CHE,50,Official FPL Draft choices
2025-2026,Ethan Ellsworth,Santa’s reijnders,DEF,Jurriën Timber,ARS,51,Official FPL Draft choices
2025-2026,Ethan Ellsworth,Santa’s reijnders,DEF,Ian Maatsen,AVL,70,Official FPL Draft choices
2025-2026,Ethan Ellsworth,Santa’s reijnders,DEF,Fabian Schär,NEW,71,Official FPL Draft choices
2025-2026,Ethan Ellsworth,Santa’s reijnders,MID,Omar Marmoush,MCI,10,Official FPL Draft choices
2025-2026,Ethan Ellsworth,Santa’s reijnders,MID,Bryan Mbeumo,MUN,11,Official FPL Draft choices
2025-2026,Ethan Ellsworth,Santa’s reijnders,MID,Ismaïla Sarr,CRY,90,Official FPL Draft choices
2025-2026,Ethan Ellsworth,Santa’s reijnders,MID,Tijjani Reijnders,MCI,91,Official FPL Draft choices
2025-2026,Ethan Ellsworth,Santa’s reijnders,MID,Cody Gakpo,LIV,111,Official FPL Draft choices
2025-2026,Ethan Ellsworth,Santa’s reijnders,FWD,Niclas Füllkrug,WHU,110,Official FPL Draft choices
2025-2026,Ethan Ellsworth,Santa’s reijnders,FWD,Thierno Barry,EVE,130,Official FPL Draft choices
2025-2026,Ethan Ellsworth,Santa’s reijnders,FWD,Charalampos Kostoulas,BHA,131,Official FPL Draft choices
2025-2026,Julius Long,Amorim de mi vida,GKP,Jordan Pickford,EVE,41,Official FPL Draft choices
2025-2026,Julius Long,Amorim de mi vida,GKP,Alphonse Areola,WHU,100,Official FPL Draft choices
2025-2026,Julius Long,Amorim de mi vida,DEF,Dan Burn,NEW,40,Official FPL Draft choices
2025-2026,Julius Long,Amorim de mi vida,DEF,Maxence Lacroix,CRY,60,Official FPL Draft choices
2025-2026,Julius Long,Amorim de mi vida,DEF,Diogo Dalot Teixeira,MUN,61,Official FPL Draft choices
2025-2026,Julius Long,Amorim de mi vida,DEF,Rúben dos Santos Gato Alves Dias,MCI,140,Official FPL Draft choices
2025-2026,Julius Long,Amorim de mi vida,DEF,Riccardo Calafiori,ARS,141,Official FPL Draft choices
2025-2026,Julius Long,Amorim de mi vida,MID,Mohamed Salah,LIV,1,Official FPL Draft choices
2025-2026,Julius Long,Amorim de mi vida,MID,Jérémy Doku,MCI,21,Official FPL Draft choices
2025-2026,Julius Long,Amorim de mi vida,MID,Harry Wilson,FUL,80,Official FPL Draft choices
2025-2026,Julius Long,Amorim de mi vida,MID,Sandro Tonali,NEW,101,Official FPL Draft choices
2025-2026,Julius Long,Amorim de mi vida,MID,Youri Tielemans,AVL,120,Official FPL Draft choices
2025-2026,Julius Long,Amorim de mi vida,FWD,Alexander Isak,LIV,20,Official FPL Draft choices
2025-2026,Julius Long,Amorim de mi vida,FWD,Kai Havertz,ARS,81,Official FPL Draft choices
2025-2026,Julius Long,Amorim de mi vida,FWD,Zian Flemming,BUR,121,Official FPL Draft choices
2025-2026,Ryan Houseman,eze as u like b*%chs,GKP,David Raya Martín,ARS,63,Official FPL Draft choices
2025-2026,Ryan Houseman,eze as u like b*%chs,GKP,Emiliano Martínez Romero,AVL,138,Official FPL Draft choices
2025-2026,Ryan Houseman,eze as u like b*%chs,DEF,Gabriel dos Santos Magalhães,ARS,43,Official FPL Draft choices
2025-2026,Ryan Houseman,eze as u like b*%chs,DEF,Murillo Costa dos Santos,NFO,78,Official FPL Draft choices
2025-2026,Ryan Houseman,eze as u like b*%chs,DEF,Nathan Collins,BRE,118,Official FPL Draft choices
2025-2026,Ryan Houseman,eze as u like b*%chs,DEF,Cristian Romero,TOT,123,Official FPL Draft choices
2025-2026,Ryan Houseman,eze as u like b*%chs,DEF,Adrien Truffert,BOU,143,Official FPL Draft choices
2025-2026,Ryan Houseman,eze as u like b*%chs,MID,Eberechi Eze,ARS,3,Official FPL Draft choices
2025-2026,Ryan Houseman,eze as u like b*%chs,MID,Justin Kluivert,BOU,23,Official FPL Draft choices
2025-2026,Ryan Houseman,eze as u like b*%chs,MID,Declan Rice,ARS,38,Official FPL Draft choices
2025-2026,Ryan Houseman,eze as u like b*%chs,MID,Dominik Szoboszlai,LIV,58,Official FPL Draft choices
2025-2026,Ryan Houseman,eze as u like b*%chs,MID,Callum Hudson-Odoi,NFO,98,Official FPL Draft choices
2025-2026,Ryan Houseman,eze as u like b*%chs,FWD,Jean-Philippe Mateta,CRY,18,Official FPL Draft choices
2025-2026,Ryan Houseman,eze as u like b*%chs,FWD,Danny Welbeck,BHA,83,Official FPL Draft choices
2025-2026,Ryan Houseman,eze as u like b*%chs,FWD,Liam Delap,CHE,103,Official FPL Draft choices
